Id,Name,Icon,Effect,Type,CastType,CoolTime,DelayTime,ContinualTime,LogicBegTime,LogicIngTime,LogicEndTime,Target,Range,RgMin,RgMax,Operator,NumType,NumRule,NumInit,NumRange,NumInvtRule,NumInvtInit,NumInvtRange,NextLevel,Description
ID,名字,Icon文件,Effet文件,类型,释放类型,冷却时间,延迟时间,持续时间,逻辑（开始）触发偏移时间（毫秒）,逻辑（间距）触发时间（毫秒）,逻辑（结束）触发偏移时间（毫秒）,目标,范围,范围值最小值,范围最大值,操作,数目类型,数目规则,初始数目,数目范围,持续数目规则,持续初始数目,持续数目范围,下一级,描述
101001,火球,ui/IconSkill/asst_fireb.png,assistant/effect/fla_huoqiu,1,1,20,10,0,700,0,0,4,2,3,3,2,1,1,2,0,0,0,0,0,#[color=3A3A3A_size=22]减少敌方3个建筑兵力2##[color=3A3A3A_size=22]个，冷却20##[color=3A3A3A_size=22]~30##[color=3A3A3A_size=22]秒#
101002,火球,ui/IconSkill/asst_fireb.png,assistant/effect/fla_huoqiu,1,1,19.6,9.8,0,700,0,0,4,2,3,3,2,1,1,2,0,0,0,0,0,#[color=3A3A3A_size=22]减少敌方3个建筑兵力2##[color=3A3A3A_size=22]个，冷却19.6##[color=3A3A3A_size=22]~29.4##[color=3A3A3A_size=22]秒#
101003,火球,ui/IconSkill/asst_fireb.png,assistant/effect/fla_huoqiu,1,1,19.2,9.6,0,700,0,0,4,2,3,3,2,1,1,3,0,0,0,0,0,#[color=3A3A3A_size=22]减少敌方3个建筑兵力3##[color=3A3A3A_size=22]个，冷却19.2##[color=3A3A3A_size=22]~28.8##[color=3A3A3A_size=22]秒#
101004,火球,ui/IconSkill/asst_fireb.png,assistant/effect/fla_huoqiu,1,1,18.8,9.4,0,700,0,0,4,2,3,3,2,1,1,3,0,0,0,0,0,#[color=3A3A3A_size=22]减少敌方3个建筑兵力3##[color=3A3A3A_size=22]个，冷却18.8##[color=3A3A3A_size=22]~28.2##[color=3A3A3A_size=22]秒#
101005,火球,ui/IconSkill/asst_fireb.png,assistant/effect/fla_huoqiu,1,1,18.4,9.2,0,700,0,0,4,2,3,3,2,1,1,4,0,0,0,0,0,#[color=3A3A3A_size=22]减少敌方3个建筑兵力4##[color=3A3A3A_size=22]个，冷却18.4##[color=3A3A3A_size=22]~27.6##[color=3A3A3A_size=22]秒#
101006,火球,ui/IconSkill/asst_fireb.png,assistant/effect/fla_huoqiu,1,1,18,9,0,700,0,0,4,2,3,3,2,1,1,4,0,0,0,0,0,#[color=3A3A3A_size=22]减少敌方3个建筑兵力4##[color=3A3A3A_size=22]个，冷却18##[color=3A3A3A_size=22]~27##[color=3A3A3A_size=22]秒#
101007,火球,ui/IconSkill/asst_fireb.png,assistant/effect/fla_huoqiu,1,1,17.6,8.8,0,700,0,0,4,2,3,3,2,1,1,5,0,0,0,0,0,#[color=3A3A3A_size=22]减少敌方3个建筑兵力5##[color=3A3A3A_size=22]个，冷却17.6##[color=3A3A3A_size=22]~26.4##[color=3A3A3A_size=22]秒#
101008,火球,ui/IconSkill/asst_fireb.png,assistant/effect/fla_huoqiu,1,1,17.2,8.6,0,700,0,0,4,2,3,3,2,1,1,5,0,0,0,0,0,#[color=3A3A3A_size=22]减少敌方3个建筑兵力5##[color=3A3A3A_size=22]个，冷却17.2##[color=3A3A3A_size=22]~25.8##[color=3A3A3A_size=22]秒#
101009,火球,ui/IconSkill/asst_fireb.png,assistant/effect/fla_huoqiu,1,1,16.8,8.4,0,700,0,0,4,2,3,3,2,1,1,6,0,0,0,0,0,#[color=3A3A3A_size=22]减少敌方3个建筑兵力6##[color=3A3A3A_size=22]个，冷却16.8##[color=3A3A3A_size=22]~25.2##[color=3A3A3A_size=22]秒#
101010,火球,ui/IconSkill/asst_fireb.png,assistant/effect/fla_huoqiu,1,1,16,8,0,700,0,0,4,2,3,3,2,1,1,7,0,0,0,0,0,#[color=3A3A3A_size=22]减少敌方3个建筑兵力7##[color=3A3A3A_size=22]个，冷却16##[color=3A3A3A_size=22]~24##[color=3A3A3A_size=22]秒#
102001,恢复,ui/IconSkill/asst_health.png,assistant/effect/fla_jiabing,1,1,20,10,0,1600,0,0,1,2,1,1,1,1,1,3,0,0,0,0,0,#[color=3A3A3A_size=22]恢复我方1个建筑兵力3##[color=3A3A3A_size=22]个，冷却20##[color=3A3A3A_size=22]~30##[color=3A3A3A_size=22]秒#
102002,恢复,ui/IconSkill/asst_health.png,assistant/effect/fla_jiabing,1,1,19.6,9.8,0,1600,0,0,1,2,1,1,1,1,1,3,0,0,0,0,0,#[color=3A3A3A_size=22]恢复我方1个建筑兵力3##[color=3A3A3A_size=22]个，冷却19.6##[color=3A3A3A_size=22]~29.4##[color=3A3A3A_size=22]秒#
102003,恢复,ui/IconSkill/asst_health.png,assistant/effect/fla_jiabing,1,1,19.2,9.6,0,1600,0,0,1,2,1,1,1,1,1,4,0,0,0,0,0,#[color=3A3A3A_size=22]恢复我方1个建筑兵力4##[color=3A3A3A_size=22]个，冷却19.2##[color=3A3A3A_size=22]~28.8##[color=3A3A3A_size=22]秒#
102004,恢复,ui/IconSkill/asst_health.png,assistant/effect/fla_jiabing,1,1,18.8,9.4,0,1600,0,0,1,2,1,1,1,1,1,4,0,0,0,0,0,#[color=3A3A3A_size=22]恢复我方1个建筑兵力4##[color=3A3A3A_size=22]个，冷却18.8##[color=3A3A3A_size=22]~28.2##[color=3A3A3A_size=22]秒#
102005,恢复,ui/IconSkill/asst_health.png,assistant/effect/fla_jiabing,1,1,18.4,9.2,0,1600,0,0,1,2,1,1,1,1,1,5,0,0,0,0,0,#[color=3A3A3A_size=22]恢复我方1个建筑兵力5##[color=3A3A3A_size=22]个，冷却18.4##[color=3A3A3A_size=22]~27.6##[color=3A3A3A_size=22]秒#
102006,恢复,ui/IconSkill/asst_health.png,assistant/effect/fla_jiabing,1,1,18,9,0,1600,0,0,1,2,1,1,1,1,1,5,0,0,0,0,0,#[color=3A3A3A_size=22]恢复我方1个建筑兵力5##[color=3A3A3A_size=22]个，冷却18##[color=3A3A3A_size=22]~27##[color=3A3A3A_size=22]秒#
102007,恢复,ui/IconSkill/asst_health.png,assistant/effect/fla_jiabing,1,1,17.6,8.8,0,1600,0,0,1,2,1,1,1,1,1,6,0,0,0,0,0,#[color=3A3A3A_size=22]恢复我方1个建筑兵力6##[color=3A3A3A_size=22]个，冷却17.6##[color=3A3A3A_size=22]~26.4##[color=3A3A3A_size=22]秒#
102008,恢复,ui/IconSkill/asst_health.png,assistant/effect/fla_jiabing,1,1,17.2,8.6,0,1600,0,0,1,2,1,1,1,1,1,6,0,0,0,0,0,#[color=3A3A3A_size=22]恢复我方1个建筑兵力6##[color=3A3A3A_size=22]个，冷却17.2##[color=3A3A3A_size=22]~25.8##[color=3A3A3A_size=22]秒#
102009,恢复,ui/IconSkill/asst_health.png,assistant/effect/fla_jiabing,1,1,16.8,8.4,0,1600,0,0,1,2,1,1,1,1,1,7,0,0,0,0,0,#[color=3A3A3A_size=22]恢复我方1个建筑兵力7##[color=3A3A3A_size=22]个，冷却16.8##[color=3A3A3A_size=22]~25.2##[color=3A3A3A_size=22]秒#
102010,恢复,ui/IconSkill/asst_health.png,assistant/effect/fla_jiabing,1,1,16,8,0,1600,0,0,1,2,1,1,1,1,1,8,0,0,0,0,0,#[color=3A3A3A_size=22]恢复我方1个建筑兵力8##[color=3A3A3A_size=22]个，冷却16##[color=3A3A3A_size=22]~24##[color=3A3A3A_size=22]秒#
100001,建筑强化,ui/IconSkill/asst_paota.png,assistant/effect/fla_jiasujn,2,1,20,10,5,200,0,0,1,1,0,0,1,2+2+2,1+1+1,10+10+10,0,0,0,0,0,#[color=3A3A3A_size=22]我方箭塔攻速增加10%##[color=3A3A3A_size=22]，或兵营产兵速度增加10%##[color=3A3A3A_size=22]，持续5秒，冷却20##[color=3A3A3A_size=22]~30##[color=3A3A3A_size=22]秒#
100002,建筑强化,ui/IconSkill/asst_paota.png,assistant/effect/fla_jiasujn,2,1,19.6,9.8,5,200,0,0,1,1,0,0,1,2+2+2,1+1+1,10+10+10,0,0,0,0,0,#[color=3A3A3A_size=22]我方箭塔攻速增加10%##[color=3A3A3A_size=22]，或兵营产兵速度增加10%##[color=3A3A3A_size=22]，持续5秒，冷却19.6##[color=3A3A3A_size=22]~29.4##[color=3A3A3A_size=22]秒#
100003,建筑强化,ui/IconSkill/asst_paota.png,assistant/effect/fla_jiasujn,2,1,19.2,9.6,5,200,0,0,1,1,0,0,1,2+2+2,1+1+1,15+15+10,0,0,0,0,0,#[color=3A3A3A_size=22]我方箭塔攻速增加15%##[color=3A3A3A_size=22]，或兵营产兵速度增加15%##[color=3A3A3A_size=22]，持续5秒，冷却19.2##[color=3A3A3A_size=22]~28.8##[color=3A3A3A_size=22]秒#
100004,建筑强化,ui/IconSkill/asst_paota.png,assistant/effect/fla_jiasujn,2,1,18.8,9.4,5,200,0,0,1,1,0,0,1,2+2+2,1+1+1,15+15+10,0,0,0,0,0,#[color=3A3A3A_size=22]我方箭塔攻速增加15%##[color=3A3A3A_size=22]，或兵营产兵速度增加15%##[color=3A3A3A_size=22]，持续5秒，冷却18.8##[color=3A3A3A_size=22]~28.2##[color=3A3A3A_size=22]秒#
100005,建筑强化,ui/IconSkill/asst_paota.png,assistant/effect/fla_jiasujn,2,1,18.4,9.2,5,200,0,0,1,1,0,0,1,2+2+2,1+1+1,20+20+10,0,0,0,0,0,#[color=3A3A3A_size=22]我方箭塔攻速增加20%##[color=3A3A3A_size=22]，或兵营产兵速度增加20%##[color=3A3A3A_size=22]，持续5秒，冷却18.4##[color=3A3A3A_size=22]~27.6##[color=3A3A3A_size=22]秒#
100006,建筑强化,ui/IconSkill/asst_paota.png,assistant/effect/fla_jiasujn,2,1,18,9,5,200,0,0,1,1,0,0,1,2+2+2,1+1+1,20+20+10,0,0,0,0,0,#[color=3A3A3A_size=22]我方箭塔攻速增加20%##[color=3A3A3A_size=22]，或兵营产兵速度增加20%##[color=3A3A3A_size=22]，持续5秒，冷却18##[color=3A3A3A_size=22]~27##[color=3A3A3A_size=22]秒#
100007,建筑强化,ui/IconSkill/asst_paota.png,assistant/effect/fla_jiasujn,2,1,17.6,8.8,5,200,0,0,1,1,0,0,1,2+2+2,1+1+1,30+30+10,0,0,0,0,0,#[color=3A3A3A_size=22]我方箭塔攻速增加30%##[color=3A3A3A_size=22]，或兵营产兵速度增加30%##[color=3A3A3A_size=22]，持续5秒，冷却17.6##[color=3A3A3A_size=22]~26.4##[color=3A3A3A_size=22]秒#
100008,建筑强化,ui/IconSkill/asst_paota.png,assistant/effect/fla_jiasujn,2,1,17.2,8.6,5,200,0,0,1,1,0,0,1,2+2+2,1+1+1,30+30+10,0,0,0,0,0,#[color=3A3A3A_size=22]我方箭塔攻速增加30%##[color=3A3A3A_size=22]，或兵营产兵速度增加30%##[color=3A3A3A_size=22]，持续5秒，冷却17.2##[color=3A3A3A_size=22]~25.8##[color=3A3A3A_size=22]秒#
100009,建筑强化,ui/IconSkill/asst_paota.png,assistant/effect/fla_jiasujn,2,1,16.8,8.4,5,200,0,0,1,1,0,0,1,2+2+2,1+1+1,40+40+10,0,0,0,0,0,#[color=3A3A3A_size=22]我方箭塔攻速增加40%##[color=3A3A3A_size=22]，或兵营产兵速度增加40%##[color=3A3A3A_size=22]，持续5秒，冷却16.8##[color=3A3A3A_size=22]~25.2##[color=3A3A3A_size=22]秒#
100010,建筑强化,ui/IconSkill/asst_paota.png,assistant/effect/fla_jiasujn,2,1,16,8,5,200,0,0,1,1,0,0,1,2+2+2,1+1+1,50+50+10,0,0,0,0,0,#[color=3A3A3A_size=22]我方箭塔攻速增加50%##[color=3A3A3A_size=22]，或兵营产兵速度增加50%##[color=3A3A3A_size=22]，持续5秒，冷却16##[color=3A3A3A_size=22]~24##[color=3A3A3A_size=22]秒#
103001,侦查,ui/IconSkill/asst_spy.png,assistant/effect/fla_yingyan,4,1,25,0,4,300,0,0,4,1,0,0,1,1,1,300,0,0,0,0,0,#[color=3A3A3A_size=22]侦查300##[color=3A3A3A_size=22]范围内敌方建筑兵力，持续4##[color=3A3A3A_size=22]秒，冷却25##[color=3A3A3A_size=22]秒#
103002,侦查,ui/IconSkill/asst_spy.png,assistant/effect/fla_yingyan,4,1,24,0,4.5,300,0,0,4,1,0,0,1,1,1,310,0,0,0,0,0,#[color=3A3A3A_size=22]侦查310##[color=3A3A3A_size=22]范围内敌方建筑兵力，持续4.5##[color=3A3A3A_size=22]秒，冷却24##[color=3A3A3A_size=22]秒#
103003,侦查,ui/IconSkill/asst_spy.png,assistant/effect/fla_yingyan,4,1,23,0,5,300,0,0,4,1,0,0,1,1,1,320,0,0,0,0,0,#[color=3A3A3A_size=22]侦查320##[color=3A3A3A_size=22]范围内敌方建筑兵力，持续5##[color=3A3A3A_size=22]秒，冷却23##[color=3A3A3A_size=22]秒#
103004,侦查,ui/IconSkill/asst_spy.png,assistant/effect/fla_yingyan,4,1,22,0,5.5,300,0,0,4,1,0,0,1,1,1,330,0,0,0,0,0,#[color=3A3A3A_size=22]侦查330##[color=3A3A3A_size=22]范围内敌方建筑兵力，持续5.5##[color=3A3A3A_size=22]秒，冷却22##[color=3A3A3A_size=22]秒#
103005,侦查,ui/IconSkill/asst_spy.png,assistant/effect/fla_yingyan,4,1,21,0,6,300,0,0,4,1,0,0,1,1,1,340,0,0,0,0,0,#[color=3A3A3A_size=22]侦查340##[color=3A3A3A_size=22]范围内敌方建筑兵力，持续6##[color=3A3A3A_size=22]秒，冷却21##[color=3A3A3A_size=22]秒#
103006,侦查,ui/IconSkill/asst_spy.png,assistant/effect/fla_yingyan,4,1,20,0,6.5,300,0,0,4,1,0,0,1,1,1,350,0,0,0,0,0,#[color=3A3A3A_size=22]侦查350##[color=3A3A3A_size=22]范围内敌方建筑兵力，持续6.5##[color=3A3A3A_size=22]秒，冷却20##[color=3A3A3A_size=22]秒#
103007,侦查,ui/IconSkill/asst_spy.png,assistant/effect/fla_yingyan,4,1,18,0,7,300,0,0,4,1,0,0,1,1,1,360,0,0,0,0,0,#[color=3A3A3A_size=22]侦查360##[color=3A3A3A_size=22]范围内敌方建筑兵力，持续7##[color=3A3A3A_size=22]秒，冷却18##[color=3A3A3A_size=22]秒#
103008,侦查,ui/IconSkill/asst_spy.png,assistant/effect/fla_yingyan,4,1,16,0,7.5,300,0,0,4,1,0,0,1,1,1,380,0,0,0,0,0,#[color=3A3A3A_size=22]侦查380##[color=3A3A3A_size=22]范围内敌方建筑兵力，持续7.5##[color=3A3A3A_size=22]秒，冷却16##[color=3A3A3A_size=22]秒#
103009,侦查,ui/IconSkill/asst_spy.png,assistant/effect/fla_yingyan,4,1,14,0,8,300,0,0,4,1,0,0,1,1,1,400,0,0,0,0,0,#[color=3A3A3A_size=22]侦查400##[color=3A3A3A_size=22]范围内敌方建筑兵力，持续8##[color=3A3A3A_size=22]秒，冷却14##[color=3A3A3A_size=22]秒#
103010,侦查,ui/IconSkill/asst_spy.png,assistant/effect/fla_yingyan,4,1,10,0,10,300,0,0,4,1,0,0,1,1,1,420,0,0,0,0,0,#[color=3A3A3A_size=22]侦查420##[color=3A3A3A_size=22]范围内敌方建筑兵力，持续10##[color=3A3A3A_size=22]秒，冷却10##[color=3A3A3A_size=22]秒#
104001,巨石,ui/IconSkill/asst_rock.png,assistant/effect/fla_shitouji,8,1,20,10,0,700,0,0,4,2,1,1,2,2+1,1+1,20+300,0,0,0,0,0,#[color=3A3A3A_size=22]在300##[color=3A3A3A_size=22]范围内消灭出阵的敌方部队20%##[color=3A3A3A_size=22]的兵力，冷却20##[color=3A3A3A_size=22]~30##[color=3A3A3A_size=22]秒#
104002,巨石,ui/IconSkill/asst_rock.png,assistant/effect/fla_shitouji,8,1,19.6,9.8,0,700,0,0,4,2,1,1,2,2+1,1+1,23+300,0,0,0,0,0,#[color=3A3A3A_size=22]在300##[color=3A3A3A_size=22]范围内消灭出阵的敌方部队23%##[color=3A3A3A_size=22]的兵力，冷却19.6##[color=3A3A3A_size=22]~29.4##[color=3A3A3A_size=22]秒#
104003,巨石,ui/IconSkill/asst_rock.png,assistant/effect/fla_shitouji,8,1,19.2,9.6,0,700,0,0,4,2,1,1,2,2+1,1+1,26+300,0,0,0,0,0,#[color=3A3A3A_size=22]在300##[color=3A3A3A_size=22]范围内消灭出阵的敌方部队26%##[color=3A3A3A_size=22]的兵力，冷却19.2##[color=3A3A3A_size=22]~28.8##[color=3A3A3A_size=22]秒#
104004,巨石,ui/IconSkill/asst_rock.png,assistant/effect/fla_shitouji,8,1,18.8,9.4,0,700,0,0,4,2,1,1,2,2+1,1+1,29+300,0,0,0,0,0,#[color=3A3A3A_size=22]在300##[color=3A3A3A_size=22]范围内消灭出阵的敌方部队29%##[color=3A3A3A_size=22]的兵力，冷却18.8##[color=3A3A3A_size=22]~28.2##[color=3A3A3A_size=22]秒#
104005,巨石,ui/IconSkill/asst_rock.png,assistant/effect/fla_shitouji,8,1,18.4,9.2,0,700,0,0,4,2,1,1,2,2+1,1+1,32+300,0,0,0,0,0,#[color=3A3A3A_size=22]在300##[color=3A3A3A_size=22]范围内消灭出阵的敌方部队32%##[color=3A3A3A_size=22]的兵力，冷却18.4##[color=3A3A3A_size=22]~27.6##[color=3A3A3A_size=22]秒#
104006,巨石,ui/IconSkill/asst_rock.png,assistant/effect/fla_shitouji,8,1,18,9,0,700,0,0,4,2,1,1,2,2+1,1+1,35+300,0,0,0,0,0,#[color=3A3A3A_size=22]在300##[color=3A3A3A_size=22]范围内消灭出阵的敌方部队35%##[color=3A3A3A_size=22]的兵力，冷却18##[color=3A3A3A_size=22]~27##[color=3A3A3A_size=22]秒#
104007,巨石,ui/IconSkill/asst_rock.png,assistant/effect/fla_shitouji,8,1,17.6,8.8,0,700,0,0,4,2,1,1,2,2+1,1+1,38+300,0,0,0,0,0,#[color=3A3A3A_size=22]在300##[color=3A3A3A_size=22]范围内消灭出阵的敌方部队38%##[color=3A3A3A_size=22]的兵力，冷却17.6##[color=3A3A3A_size=22]~26.4##[color=3A3A3A_size=22]秒#
104008,巨石,ui/IconSkill/asst_rock.png,assistant/effect/fla_shitouji,8,1,17.2,8.6,0,700,0,0,4,2,1,1,2,2+1,1+1,41+300,0,0,0,0,0,#[color=3A3A3A_size=22]在300##[color=3A3A3A_size=22]范围内消灭出阵的敌方部队41%##[color=3A3A3A_size=22]的兵力，冷却17.2##[color=3A3A3A_size=22]~25.8##[color=3A3A3A_size=22]秒#
104009,巨石,ui/IconSkill/asst_rock.png,assistant/effect/fla_shitouji,8,1,16.8,8.4,0,700,0,0,4,2,1,1,2,2+1,1+1,44+300,0,0,0,0,0,#[color=3A3A3A_size=22]在300##[color=3A3A3A_size=22]范围内消灭出阵的敌方部队44%##[color=3A3A3A_size=22]的兵力，冷却16.8##[color=3A3A3A_size=22]~25.2##[color=3A3A3A_size=22]秒#
104010,巨石,ui/IconSkill/asst_rock.png,assistant/effect/fla_shitouji,8,1,16,8,0,700,0,0,4,2,1,1,2,2+1,1+1,50+300,0,0,0,0,0,#[color=3A3A3A_size=22]在300##[color=3A3A3A_size=22]范围内消灭出阵的敌方部队50%##[color=3A3A3A_size=22]的兵力，冷却16##[color=3A3A3A_size=22]~24##[color=3A3A3A_size=22]秒#
105001,破坏,ui/IconSkill/asst_degrade.png,assistant/effect/fla_jiqirenSKILL,7,1,30,20,0,700,0,0,2,2,1,1,2,1,1,1,0,0,0,0,0,#[color=3A3A3A_size=22]随机将1个敌方建筑物降1级，同时消灭其1##[color=3A3A3A_size=22]个小兵，冷却30##[color=3A3A3A_size=22]~50##[color=3A3A3A_size=22]秒#
105002,破坏,ui/IconSkill/asst_degrade.png,assistant/effect/fla_jiqirenSKILL,7,1,29,20,0,700,0,0,2,2,1,1,2,1,1,1,0,0,0,0,0,#[color=3A3A3A_size=22]随机将1个敌方建筑物降1级，同时消灭其1##[color=3A3A3A_size=22]个小兵，冷却29##[color=3A3A3A_size=22]~49##[color=3A3A3A_size=22]秒#
105003,破坏,ui/IconSkill/asst_degrade.png,assistant/effect/fla_jiqirenSKILL,7,1,28,20,0,700,0,0,2,2,1,1,2,1,1,2,0,0,0,0,0,#[color=3A3A3A_size=22]随机将1个敌方建筑物降1级，同时消灭其2##[color=3A3A3A_size=22]个小兵，冷却28##[color=3A3A3A_size=22]~48##[color=3A3A3A_size=22]秒#
105004,破坏,ui/IconSkill/asst_degrade.png,assistant/effect/fla_jiqirenSKILL,7,1,27,20,0,700,0,0,2,2,1,1,2,1,1,2,0,0,0,0,0,#[color=3A3A3A_size=22]随机将1个敌方建筑物降1级，同时消灭其2##[color=3A3A3A_size=22]个小兵，冷却27##[color=3A3A3A_size=22]~47##[color=3A3A3A_size=22]秒#
105005,破坏,ui/IconSkill/asst_degrade.png,assistant/effect/fla_jiqirenSKILL,7,1,26,20,0,700,0,0,2,2,1,1,2,1,1,3,0,0,0,0,0,#[color=3A3A3A_size=22]随机将1个敌方建筑物降1级，同时消灭其3##[color=3A3A3A_size=22]个小兵，冷却26##[color=3A3A3A_size=22]~46##[color=3A3A3A_size=22]秒#
105006,破坏,ui/IconSkill/asst_degrade.png,assistant/effect/fla_jiqirenSKILL,7,1,25,18,0,700,0,0,2,2,1,1,2,1,1,3,0,0,0,0,0,#[color=3A3A3A_size=22]随机将1个敌方建筑物降1级，同时消灭其3##[color=3A3A3A_size=22]个小兵，冷却25##[color=3A3A3A_size=22]~43##[color=3A3A3A_size=22]秒#
105007,破坏,ui/IconSkill/asst_degrade.png,assistant/effect/fla_jiqirenSKILL,7,1,24,16,0,700,0,0,2,2,1,1,2,1,1,4,0,0,0,0,0,#[color=3A3A3A_size=22]随机将1个敌方建筑物降1级，同时消灭其4##[color=3A3A3A_size=22]个小兵，冷却24##[color=3A3A3A_size=22]~40##[color=3A3A3A_size=22]秒#
105008,破坏,ui/IconSkill/asst_degrade.png,assistant/effect/fla_jiqirenSKILL,7,1,23,14,0,700,0,0,2,2,1,1,2,1,1,4,0,0,0,0,0,#[color=3A3A3A_size=22]随机将1个敌方建筑物降1级，同时消灭其4##[color=3A3A3A_size=22]个小兵，冷却23##[color=3A3A3A_size=22]~37##[color=3A3A3A_size=22]秒#
105009,破坏,ui/IconSkill/asst_degrade.png,assistant/effect/fla_jiqirenSKILL,7,1,22,12,0,700,0,0,2,2,1,1,2,1,1,5,0,0,0,0,0,#[color=3A3A3A_size=22]随机将1个敌方建筑物降1级，同时消灭其5##[color=3A3A3A_size=22]个小兵，冷却22##[color=3A3A3A_size=22]~34##[color=3A3A3A_size=22]秒#
105010,破坏,ui/IconSkill/asst_degrade.png,assistant/effect/fla_jiqirenSKILL,7,1,20,10,0,700,0,0,2,2,1,1,2,1,1,7,0,0,0,0,0,#[color=3A3A3A_size=22]随机将1个敌方建筑物降1级，同时消灭其7##[color=3A3A3A_size=22]个小兵，冷却20##[color=3A3A3A_size=22]~30##[color=3A3A3A_size=22]秒#
106001,恐惧,ui/IconSkill/asst_dispel.png,assistant/effect/fla_youling_ADDITIVE,9,1,20,10,3,2000,0,0,2,2,1,1,2,2,1,100,0,0,0,0,0,#[color=3A3A3A_size=22]随机将1个敌方建筑的小兵强制恐惧出建筑，不可救援时间3##[color=3A3A3A_size=22]秒，冷却20##[color=3A3A3A_size=22]~30##[color=3A3A3A_size=22]秒#
106002,恐惧,ui/IconSkill/asst_dispel.png,assistant/effect/fla_youling_ADDITIVE,9,1,19.6,9.8,3.5,2000,0,0,2,2,1,1,2,2,1,100,0,0,0,0,0,#[color=3A3A3A_size=22]随机将1个敌方建筑的小兵强制恐惧出建筑，不可救援时间3.5##[color=3A3A3A_size=22]秒，冷却19.6##[color=3A3A3A_size=22]~29.4##[color=3A3A3A_size=22]秒#
106003,恐惧,ui/IconSkill/asst_dispel.png,assistant/effect/fla_youling_ADDITIVE,9,1,19.2,9.6,4,2000,0,0,2,2,1,1,2,2,1,100,0,0,0,0,0,#[color=3A3A3A_size=22]随机将1个敌方建筑的小兵强制恐惧出建筑，不可救援时间4##[color=3A3A3A_size=22]秒，冷却19.2##[color=3A3A3A_size=22]~28.8##[color=3A3A3A_size=22]秒#
106004,恐惧,ui/IconSkill/asst_dispel.png,assistant/effect/fla_youling_ADDITIVE,9,1,18.8,9.4,4.5,2000,0,0,2,2,1,1,2,2,1,100,0,0,0,0,0,#[color=3A3A3A_size=22]随机将1个敌方建筑的小兵强制恐惧出建筑，不可救援时间4.5##[color=3A3A3A_size=22]秒，冷却18.8##[color=3A3A3A_size=22]~28.2##[color=3A3A3A_size=22]秒#
106005,恐惧,ui/IconSkill/asst_dispel.png,assistant/effect/fla_youling_ADDITIVE,9,1,18.4,9.2,5,2000,0,0,2,2,1,1,2,2,1,100,0,0,0,0,0,#[color=3A3A3A_size=22]随机将1个敌方建筑的小兵强制恐惧出建筑，不可救援时间5##[color=3A3A3A_size=22]秒，冷却18.4##[color=3A3A3A_size=22]~27.6##[color=3A3A3A_size=22]秒#
106006,恐惧,ui/IconSkill/asst_dispel.png,assistant/effect/fla_youling_ADDITIVE,9,1,18,9,5.5,2000,0,0,2,2,1,1,2,2,1,100,0,0,0,0,0,#[color=3A3A3A_size=22]随机将1个敌方建筑的小兵强制恐惧出建筑，不可救援时间5.5##[color=3A3A3A_size=22]秒，冷却18##[color=3A3A3A_size=22]~27##[color=3A3A3A_size=22]秒#
106007,恐惧,ui/IconSkill/asst_dispel.png,assistant/effect/fla_youling_ADDITIVE,9,1,17.6,8.8,6,2000,0,0,2,2,1,1,2,2,1,100,0,0,0,0,0,#[color=3A3A3A_size=22]随机将1个敌方建筑的小兵强制恐惧出建筑，不可救援时间6##[color=3A3A3A_size=22]秒，冷却17.6##[color=3A3A3A_size=22]~26.4##[color=3A3A3A_size=22]秒#
106008,恐惧,ui/IconSkill/asst_dispel.png,assistant/effect/fla_youling_ADDITIVE,9,1,17.2,8.6,6.5,2000,0,0,2,2,1,1,2,2,1,100,0,0,0,0,0,#[color=3A3A3A_size=22]随机将1个敌方建筑的小兵强制恐惧出建筑，不可救援时间6.5##[color=3A3A3A_size=22]秒，冷却17.2##[color=3A3A3A_size=22]~25.8##[color=3A3A3A_size=22]秒#
106009,恐惧,ui/IconSkill/asst_dispel.png,assistant/effect/fla_youling_ADDITIVE,9,1,16.8,8.4,7,2000,0,0,2,2,1,1,2,2,1,100,0,0,0,0,0,#[color=3A3A3A_size=22]随机将1个敌方建筑的小兵强制恐惧出建筑，不可救援时间7##[color=3A3A3A_size=22]秒，冷却16.8##[color=3A3A3A_size=22]~25.2##[color=3A3A3A_size=22]秒#
106010,恐惧,ui/IconSkill/asst_dispel.png,assistant/effect/fla_youling_ADDITIVE,9,1,16,8,8,2000,0,0,2,2,1,1,2,2,1,100,0,0,0,0,0,#[color=3A3A3A_size=22]随机将1个敌方建筑的小兵强制恐惧出建筑，不可救援时间8##[color=3A3A3A_size=22]秒，冷却16##[color=3A3A3A_size=22]~24##[color=3A3A3A_size=22]秒#
107001,武圣,ui/IconSkill/asst_wusheng.png,assistant/effect/fla_guanyuSKILL,11,1,24,12,600,2000,0,0,1,2,1,1,1,1+1,1+1,40+20,0,0,0,0,0,#[color=3A3A3A_size=22]强化1个己方建筑，第1次派出的部队增加攻击40##[color=3A3A3A_size=22]点，速度20##[color=3A3A3A_size=22]点，冷却24##[color=3A3A3A_size=22]~36##[color=3A3A3A_size=22]秒#
107002,武圣,ui/IconSkill/asst_wusheng.png,assistant/effect/fla_guanyuSKILL,11,1,23.6,11.8,600,2000,0,0,1,2,1,1,1,1+1,1+1,43+22,0,0,0,0,0,#[color=3A3A3A_size=22]强化1个己方建筑，第1次派出的部队增加攻击43##[color=3A3A3A_size=22]点，速度22##[color=3A3A3A_size=22]点，冷却23.6##[color=3A3A3A_size=22]~35.4##[color=3A3A3A_size=22]秒#
107003,武圣,ui/IconSkill/asst_wusheng.png,assistant/effect/fla_guanyuSKILL,11,1,23.2,11.6,600,2000,0,0,1,2,1,1,1,1+1,1+1,46+24,0,0,0,0,0,#[color=3A3A3A_size=22]强化1个己方建筑，第1次派出的部队增加攻击46##[color=3A3A3A_size=22]点，速度24##[color=3A3A3A_size=22]点，冷却23.2##[color=3A3A3A_size=22]~34.8##[color=3A3A3A_size=22]秒#
107004,武圣,ui/IconSkill/asst_wusheng.png,assistant/effect/fla_guanyuSKILL,11,1,22.8,11.4,600,2000,0,0,1,2,1,1,1,1+1,1+1,50+26,0,0,0,0,0,#[color=3A3A3A_size=22]强化1个己方建筑，第1次派出的部队增加攻击50##[color=3A3A3A_size=22]点，速度26##[color=3A3A3A_size=22]点，冷却22.8##[color=3A3A3A_size=22]~34.2##[color=3A3A3A_size=22]秒#
107005,武圣,ui/IconSkill/asst_wusheng.png,assistant/effect/fla_guanyuSKILL,11,1,22.4,11.2,600,2000,0,0,1,2,1,1,1,1+1,1+1,55+28,0,0,0,0,0,#[color=3A3A3A_size=22]强化1个己方建筑，第1次派出的部队增加攻击55##[color=3A3A3A_size=22]点，速度28##[color=3A3A3A_size=22]点，冷却22.4##[color=3A3A3A_size=22]~33.6##[color=3A3A3A_size=22]秒#
107006,武圣,ui/IconSkill/asst_wusheng.png,assistant/effect/fla_guanyuSKILL,11,1,22,11,600,2000,0,0,1,2,1,1,1,1+1,1+1,60+30,0,0,0,0,0,#[color=3A3A3A_size=22]强化1个己方建筑，第1次派出的部队增加攻击60##[color=3A3A3A_size=22]点，速度30##[color=3A3A3A_size=22]点，冷却22##[color=3A3A3A_size=22]~33##[color=3A3A3A_size=22]秒#
107007,武圣,ui/IconSkill/asst_wusheng.png,assistant/effect/fla_guanyuSKILL,11,1,21.6,10.8,600,2000,0,0,1,2,1,1,1,1+1,1+1,65+32,0,0,0,0,0,#[color=3A3A3A_size=22]强化1个己方建筑，第1次派出的部队增加攻击65##[color=3A3A3A_size=22]点，速度32##[color=3A3A3A_size=22]点，冷却21.6##[color=3A3A3A_size=22]~32.4##[color=3A3A3A_size=22]秒#
107008,武圣,ui/IconSkill/asst_wusheng.png,assistant/effect/fla_guanyuSKILL,11,1,21.2,10.6,600,2000,0,0,1,2,1,1,1,1+1,1+1,70+34,0,0,0,0,0,#[color=3A3A3A_size=22]强化1个己方建筑，第1次派出的部队增加攻击70##[color=3A3A3A_size=22]点，速度34##[color=3A3A3A_size=22]点，冷却21.2##[color=3A3A3A_size=22]~31.8##[color=3A3A3A_size=22]秒#
107009,武圣,ui/IconSkill/asst_wusheng.png,assistant/effect/fla_guanyuSKILL,11,1,20.8,10.4,600,2000,0,0,1,2,1,1,1,1+1,1+1,75+37,0,0,0,0,0,#[color=3A3A3A_size=22]强化1个己方建筑，第1次派出的部队增加攻击75##[color=3A3A3A_size=22]点，速度37##[color=3A3A3A_size=22]点，冷却20.8##[color=3A3A3A_size=22]~31.2##[color=3A3A3A_size=22]秒#
107010,武圣,ui/IconSkill/asst_wusheng.png,assistant/effect/fla_guanyuSKILL,11,1,20,10,600,2000,0,0,1,2,1,1,1,1+1,1+1,80+40,0,0,0,0,0,#[color=3A3A3A_size=22]强化1个己方建筑，第1次派出的部队增加攻击80##[color=3A3A3A_size=22]点，速度40##[color=3A3A3A_size=22]点，冷却20##[color=3A3A3A_size=22]~30##[color=3A3A3A_size=22]秒#
108001,闭月,ui/IconSkill/asst_biyue.png,assistant/effect/fla_diaochanSKILL,1,1,20,10,0,1000,0,0,1,2,2,4,1,1,1,4,0,0,0,0,0,#[color=3A3A3A_size=22]恢复我方2~4个建筑兵力4##[color=3A3A3A_size=22]个，冷却20##[color=3A3A3A_size=22]~30##[color=3A3A3A_size=22]秒#
108002,闭月,ui/IconSkill/asst_biyue.png,assistant/effect/fla_diaochanSKILL,1,1,19.6,9.8,0,1000,0,0,1,2,2,4,1,1,1,4,0,0,0,0,0,#[color=3A3A3A_size=22]恢复我方2~4个建筑兵力4##[color=3A3A3A_size=22]个，冷却19.6##[color=3A3A3A_size=22]~29.4##[color=3A3A3A_size=22]秒#
108003,闭月,ui/IconSkill/asst_biyue.png,assistant/effect/fla_diaochanSKILL,1,1,19.2,9.6,0,1000,0,0,1,2,2,4,1,1,1,5,0,0,0,0,0,#[color=3A3A3A_size=22]恢复我方2~4个建筑兵力5##[color=3A3A3A_size=22]个，冷却19.2##[color=3A3A3A_size=22]~28.8##[color=3A3A3A_size=22]秒#
108004,闭月,ui/IconSkill/asst_biyue.png,assistant/effect/fla_diaochanSKILL,1,1,18.8,9.4,0,1000,0,0,1,2,2,4,1,1,1,5,0,0,0,0,0,#[color=3A3A3A_size=22]恢复我方2~4个建筑兵力5##[color=3A3A3A_size=22]个，冷却18.8##[color=3A3A3A_size=22]~28.2##[color=3A3A3A_size=22]秒#
108005,闭月,ui/IconSkill/asst_biyue.png,assistant/effect/fla_diaochanSKILL,1,1,18.4,9.2,0,1000,0,0,1,2,2,4,1,1,1,6,0,0,0,0,0,#[color=3A3A3A_size=22]恢复我方2~4个建筑兵力6##[color=3A3A3A_size=22]个，冷却18.4##[color=3A3A3A_size=22]~27.6##[color=3A3A3A_size=22]秒#
108006,闭月,ui/IconSkill/asst_biyue.png,assistant/effect/fla_diaochanSKILL,1,1,18,9,0,1000,0,0,1,2,2,4,1,1,1,6,0,0,0,0,0,#[color=3A3A3A_size=22]恢复我方2~4个建筑兵力6##[color=3A3A3A_size=22]个，冷却18##[color=3A3A3A_size=22]~27##[color=3A3A3A_size=22]秒#
108007,闭月,ui/IconSkill/asst_biyue.png,assistant/effect/fla_diaochanSKILL,1,1,17.6,8.8,0,1000,0,0,1,2,2,4,1,1,1,7,0,0,0,0,0,#[color=3A3A3A_size=22]恢复我方2~4个建筑兵力7##[color=3A3A3A_size=22]个，冷却17.6##[color=3A3A3A_size=22]~26.4##[color=3A3A3A_size=22]秒#
108008,闭月,ui/IconSkill/asst_biyue.png,assistant/effect/fla_diaochanSKILL,1,1,17.2,8.6,0,1000,0,0,1,2,2,4,1,1,1,7,0,0,0,0,0,#[color=3A3A3A_size=22]恢复我方2~4个建筑兵力7##[color=3A3A3A_size=22]个，冷却17.2##[color=3A3A3A_size=22]~25.8##[color=3A3A3A_size=22]秒#
108009,闭月,ui/IconSkill/asst_biyue.png,assistant/effect/fla_diaochanSKILL,1,1,16.8,8.4,0,1000,0,0,1,2,2,4,1,1,1,8,0,0,0,0,0,#[color=3A3A3A_size=22]恢复我方2~4个建筑兵力8##[color=3A3A3A_size=22]个，冷却16.8##[color=3A3A3A_size=22]~25.2##[color=3A3A3A_size=22]秒#
108010,闭月,ui/IconSkill/asst_biyue.png,assistant/effect/fla_diaochanSKILL,1,1,16,8,0,1000,0,0,1,2,2,4,1,1,1,9,0,0,0,0,0,#[color=3A3A3A_size=22]恢复我方2~4个建筑兵力9##[color=3A3A3A_size=22]个，冷却16##[color=3A3A3A_size=22]~24##[color=3A3A3A_size=22]秒#
109001,无双,ui/IconSkill/asst_wushuang.png,assistant/effect/fla_lvbuSKILL,6,1,24,12,18,1500,0,0,2,2,1,1,2,2,1,50,0,0,0,0,0,#[color=3A3A3A_size=22]将1个敌方建筑防御降低50%##[color=3A3A3A_size=22]，持续18秒，冷却24##[color=3A3A3A_size=22]~36##[color=3A3A3A_size=22]秒#
109002,无双,ui/IconSkill/asst_wushuang.png,assistant/effect/fla_lvbuSKILL,6,1,23.6,11.8,18,1500,0,0,2,2,1,1,2,2,1,53,0,0,0,0,0,#[color=3A3A3A_size=22]将1个敌方建筑防御降低53%##[color=3A3A3A_size=22]，持续18秒，冷却23.6##[color=3A3A3A_size=22]~35.4##[color=3A3A3A_size=22]秒#
109003,无双,ui/IconSkill/asst_wushuang.png,assistant/effect/fla_lvbuSKILL,6,1,23.2,11.6,18,1500,0,0,2,2,1,1,2,2,1,56,0,0,0,0,0,#[color=3A3A3A_size=22]将1个敌方建筑防御降低56%##[color=3A3A3A_size=22]，持续18秒，冷却23.2##[color=3A3A3A_size=22]~34.8##[color=3A3A3A_size=22]秒#
109004,无双,ui/IconSkill/asst_wushuang.png,assistant/effect/fla_lvbuSKILL,6,1,22.8,11.4,18,1500,0,0,2,2,1,1,2,2,1,59,0,0,0,0,0,#[color=3A3A3A_size=22]将1个敌方建筑防御降低59%##[color=3A3A3A_size=22]，持续18秒，冷却22.8##[color=3A3A3A_size=22]~34.2##[color=3A3A3A_size=22]秒#
109005,无双,ui/IconSkill/asst_wushuang.png,assistant/effect/fla_lvbuSKILL,6,1,22.4,11.2,18,1500,0,0,2,2,1,1,2,2,1,62,0,0,0,0,0,#[color=3A3A3A_size=22]将1个敌方建筑防御降低62%##[color=3A3A3A_size=22]，持续18秒，冷却22.4##[color=3A3A3A_size=22]~33.6##[color=3A3A3A_size=22]秒#
109006,无双,ui/IconSkill/asst_wushuang.png,assistant/effect/fla_lvbuSKILL,6,1,22,11,18,1500,0,0,2,2,1,1,2,2,1,65,0,0,0,0,0,#[color=3A3A3A_size=22]将1个敌方建筑防御降低65%##[color=3A3A3A_size=22]，持续18秒，冷却22##[color=3A3A3A_size=22]~33##[color=3A3A3A_size=22]秒#
109007,无双,ui/IconSkill/asst_wushuang.png,assistant/effect/fla_lvbuSKILL,6,1,21.6,10.8,18,1500,0,0,2,2,1,1,2,2,1,70,0,0,0,0,0,#[color=3A3A3A_size=22]将1个敌方建筑防御降低70%##[color=3A3A3A_size=22]，持续18秒，冷却21.6##[color=3A3A3A_size=22]~32.4##[color=3A3A3A_size=22]秒#
109008,无双,ui/IconSkill/asst_wushuang.png,assistant/effect/fla_lvbuSKILL,6,1,21.2,10.6,18,1500,0,0,2,2,1,1,2,2,1,75,0,0,0,0,0,#[color=3A3A3A_size=22]将1个敌方建筑防御降低75%##[color=3A3A3A_size=22]，持续18秒，冷却21.2##[color=3A3A3A_size=22]~31.8##[color=3A3A3A_size=22]秒#
109009,无双,ui/IconSkill/asst_wushuang.png,assistant/effect/fla_lvbuSKILL,6,1,20.8,10.4,18,1500,0,0,2,2,1,1,2,2,1,80,0,0,0,0,0,#[color=3A3A3A_size=22]将1个敌方建筑防御降低80%##[color=3A3A3A_size=22]，持续18秒，冷却20.8##[color=3A3A3A_size=22]~31.2##[color=3A3A3A_size=22]秒#
109010,无双,ui/IconSkill/asst_wushuang.png,assistant/effect/fla_lvbuSKILL,6,1,20,10,18,1500,0,0,2,2,1,1,2,2,1,85,0,0,0,0,0,#[color=3A3A3A_size=22]将1个敌方建筑防御降低85%##[color=3A3A3A_size=22]，持续18秒，冷却20##[color=3A3A3A_size=22]~30##[color=3A3A3A_size=22]秒#
110001,金箍棒,ui/IconSkill/asst_jingubang.png,assistant/effect/fla_sunwukongSKILL,1,1,20,10,0,700,0,0,4,2,3,5,2,1,1,4,0,0,0,0,0,#[color=3A3A3A_size=22]减少敌方3~5个建筑兵力4##[color=3A3A3A_size=22]个，冷却20##[color=3A3A3A_size=22]~30##[color=3A3A3A_size=22]秒#
110002,金箍棒,ui/IconSkill/asst_jingubang.png,assistant/effect/fla_sunwukongSKILL,1,1,19.6,9.8,0,700,0,0,4,2,3,5,2,1,1,5,0,0,0,0,0,#[color=3A3A3A_size=22]减少敌方3~5个建筑兵力5##[color=3A3A3A_size=22]个，冷却19.6##[color=3A3A3A_size=22]~29.4##[color=3A3A3A_size=22]秒#
110003,金箍棒,ui/IconSkill/asst_jingubang.png,assistant/effect/fla_sunwukongSKILL,1,1,19.2,9.6,0,700,0,0,4,2,3,5,2,1,1,6,0,0,0,0,0,#[color=3A3A3A_size=22]减少敌方3~5个建筑兵力6##[color=3A3A3A_size=22]个，冷却19.2##[color=3A3A3A_size=22]~28.8##[color=3A3A3A_size=22]秒#
110004,金箍棒,ui/IconSkill/asst_jingubang.png,assistant/effect/fla_sunwukongSKILL,1,1,18.8,9.4,0,700,0,0,4,2,3,5,2,1,1,7,0,0,0,0,0,#[color=3A3A3A_size=22]减少敌方3~5个建筑兵力7##[color=3A3A3A_size=22]个，冷却18.8##[color=3A3A3A_size=22]~28.2##[color=3A3A3A_size=22]秒#
110005,金箍棒,ui/IconSkill/asst_jingubang.png,assistant/effect/fla_sunwukongSKILL,1,1,18.4,9.2,0,700,0,0,4,2,3,5,2,1,1,8,0,0,0,0,0,#[color=3A3A3A_size=22]减少敌方3~5个建筑兵力8##[color=3A3A3A_size=22]个，冷却18.4##[color=3A3A3A_size=22]~27.6##[color=3A3A3A_size=22]秒#
110006,金箍棒,ui/IconSkill/asst_jingubang.png,assistant/effect/fla_sunwukongSKILL,1,1,18,9,0,700,0,0,4,2,3,5,2,1,1,9,0,0,0,0,0,#[color=3A3A3A_size=22]减少敌方3~5个建筑兵力9##[color=3A3A3A_size=22]个，冷却18##[color=3A3A3A_size=22]~27##[color=3A3A3A_size=22]秒#
110007,金箍棒,ui/IconSkill/asst_jingubang.png,assistant/effect/fla_sunwukongSKILL,1,1,17.6,8.8,0,700,0,0,4,2,3,5,2,1,1,10,0,0,0,0,0,#[color=3A3A3A_size=22]减少敌方3~5个建筑兵力10##[color=3A3A3A_size=22]个，冷却17.6##[color=3A3A3A_size=22]~26.4##[color=3A3A3A_size=22]秒#
110008,金箍棒,ui/IconSkill/asst_jingubang.png,assistant/effect/fla_sunwukongSKILL,1,1,17.2,8.6,0,700,0,0,4,2,3,5,2,1,1,11,0,0,0,0,0,#[color=3A3A3A_size=22]减少敌方3~5个建筑兵力11##[color=3A3A3A_size=22]个，冷却17.2##[color=3A3A3A_size=22]~25.8##[color=3A3A3A_size=22]秒#
110009,金箍棒,ui/IconSkill/asst_jingubang.png,assistant/effect/fla_sunwukongSKILL,1,1,16.8,8.4,0,700,0,0,4,2,3,5,2,1,1,12,0,0,0,0,0,#[color=3A3A3A_size=22]减少敌方3~5个建筑兵力12##[color=3A3A3A_size=22]个，冷却16.8##[color=3A3A3A_size=22]~25.2##[color=3A3A3A_size=22]秒#
110010,金箍棒,ui/IconSkill/asst_jingubang.png,assistant/effect/fla_sunwukongSKILL,1,1,16,8,0,700,0,0,4,2,3,5,2,1,1,13,0,0,0,0,0,#[color=3A3A3A_size=22]减少敌方3~5个建筑兵力13##[color=3A3A3A_size=22]个，冷却16##[color=3A3A3A_size=22]~24##[color=3A3A3A_size=22]秒#
111001,乾坤圈,ui/IconSkill/asst_qiankunquan.png,assistant/effect/fla_nezaSKILL,7,1,30,20,0,700,0,0,2,2,1,1,2,1,1,5,0,0,0,0,0,#[color=3A3A3A_size=22]随机将1个敌方建筑物降1级，同时消灭其5##[color=3A3A3A_size=22]个小兵，冷却30##[color=3A3A3A_size=22]~50##[color=3A3A3A_size=22]秒#
111002,乾坤圈,ui/IconSkill/asst_qiankunquan.png,assistant/effect/fla_nezaSKILL,7,1,29,20,0,700,0,0,2,2,1,1,2,1,1,6,0,0,0,0,0,#[color=3A3A3A_size=22]随机将1个敌方建筑物降1级，同时消灭其6##[color=3A3A3A_size=22]个小兵，冷却29##[color=3A3A3A_size=22]~49##[color=3A3A3A_size=22]秒#
111003,乾坤圈,ui/IconSkill/asst_qiankunquan.png,assistant/effect/fla_nezaSKILL,7,1,28,20,0,700,0,0,2,2,1,1,2,1,1,7,0,0,0,0,0,#[color=3A3A3A_size=22]随机将1个敌方建筑物降1级，同时消灭其7##[color=3A3A3A_size=22]个小兵，冷却28##[color=3A3A3A_size=22]~48##[color=3A3A3A_size=22]秒#
111004,乾坤圈,ui/IconSkill/asst_qiankunquan.png,assistant/effect/fla_nezaSKILL,7,1,27,20,0,700,0,0,2,2,1,1,2,1,1,8,0,0,0,0,0,#[color=3A3A3A_size=22]随机将1个敌方建筑物降1级，同时消灭其8##[color=3A3A3A_size=22]个小兵，冷却27##[color=3A3A3A_size=22]~47##[color=3A3A3A_size=22]秒#
111005,乾坤圈,ui/IconSkill/asst_qiankunquan.png,assistant/effect/fla_nezaSKILL,7,1,26,20,0,700,0,0,2,2,1,1,2,1,1,9,0,0,0,0,0,#[color=3A3A3A_size=22]随机将1个敌方建筑物降1级，同时消灭其9##[color=3A3A3A_size=22]个小兵，冷却26##[color=3A3A3A_size=22]~46##[color=3A3A3A_size=22]秒#
111006,乾坤圈,ui/IconSkill/asst_qiankunquan.png,assistant/effect/fla_nezaSKILL,7,1,25,18,0,700,0,0,2,2,1,1,2,1,1,12,0,0,0,0,0,#[color=3A3A3A_size=22]随机将1个敌方建筑物降1级，同时消灭其12##[color=3A3A3A_size=22]个小兵，冷却25##[color=3A3A3A_size=22]~43##[color=3A3A3A_size=22]秒#
111007,乾坤圈,ui/IconSkill/asst_qiankunquan.png,assistant/effect/fla_nezaSKILL,7,1,24,16,0,700,0,0,2,2,1,1,2,1,1,14,0,0,0,0,0,#[color=3A3A3A_size=22]随机将1个敌方建筑物降1级，同时消灭其14##[color=3A3A3A_size=22]个小兵，冷却24##[color=3A3A3A_size=22]~40##[color=3A3A3A_size=22]秒#
111008,乾坤圈,ui/IconSkill/asst_qiankunquan.png,assistant/effect/fla_nezaSKILL,7,1,23,14,0,700,0,0,2,2,1,1,2,1,1,16,0,0,0,0,0,#[color=3A3A3A_size=22]随机将1个敌方建筑物降1级，同时消灭其16##[color=3A3A3A_size=22]个小兵，冷却23##[color=3A3A3A_size=22]~37##[color=3A3A3A_size=22]秒#
111009,乾坤圈,ui/IconSkill/asst_qiankunquan.png,assistant/effect/fla_nezaSKILL,7,1,22,12,0,700,0,0,2,2,1,1,2,1,1,18,0,0,0,0,0,#[color=3A3A3A_size=22]随机将1个敌方建筑物降1级，同时消灭其18##[color=3A3A3A_size=22]个小兵，冷却22##[color=3A3A3A_size=22]~34##[color=3A3A3A_size=22]秒#
111010,乾坤圈,ui/IconSkill/asst_qiankunquan.png,assistant/effect/fla_nezaSKILL,7,1,20,10,0,700,0,0,2,2,1,1,2,1,1,20,0,0,0,0,0,#[color=3A3A3A_size=22]随机将1个敌方建筑物降1级，同时消灭其20##[color=3A3A3A_size=22]个小兵，冷却20##[color=3A3A3A_size=22]~30##[color=3A3A3A_size=22]秒#
112001,智慧,ui/IconSkill/asst_zhihui.png,assistant/effect/fla_yadiannaSKILL_ADDITIVE,10,1,24,12,0,700,800,0,2,4,1,1,2,1+1,1+1,20+10,0,0,0,0,0,#[color=3A3A3A_size=22]增加己方士气20##[color=3A3A3A_size=22]点，降低敌方士气10##[color=3A3A3A_size=22]点，冷却24##[color=3A3A3A_size=22]~36##[color=3A3A3A_size=22]秒#
112002,智慧,ui/IconSkill/asst_zhihui.png,assistant/effect/fla_yadiannaSKILL_ADDITIVE,10,1,23.6,11.8,0,700,800,0,2,4,1,1,2,1+1,1+1,23+11,0,0,0,0,0,#[color=3A3A3A_size=22]增加己方士气23##[color=3A3A3A_size=22]点，降低敌方士气11##[color=3A3A3A_size=22]点，冷却23.6##[color=3A3A3A_size=22]~35.4##[color=3A3A3A_size=22]秒#
112003,智慧,ui/IconSkill/asst_zhihui.png,assistant/effect/fla_yadiannaSKILL_ADDITIVE,10,1,23.2,11.6,0,700,800,0,2,4,1,1,2,1+1,1+1,26+12,0,0,0,0,0,#[color=3A3A3A_size=22]增加己方士气26##[color=3A3A3A_size=22]点，降低敌方士气12##[color=3A3A3A_size=22]点，冷却23.2##[color=3A3A3A_size=22]~34.8##[color=3A3A3A_size=22]秒#
112004,智慧,ui/IconSkill/asst_zhihui.png,assistant/effect/fla_yadiannaSKILL_ADDITIVE,10,1,22.8,11.4,0,700,800,0,2,4,1,1,2,1+1,1+1,29+14,0,0,0,0,0,#[color=3A3A3A_size=22]增加己方士气29##[color=3A3A3A_size=22]点，降低敌方士气14##[color=3A3A3A_size=22]点，冷却22.8##[color=3A3A3A_size=22]~34.2##[color=3A3A3A_size=22]秒#
112005,智慧,ui/IconSkill/asst_zhihui.png,assistant/effect/fla_yadiannaSKILL_ADDITIVE,10,1,22.4,11.2,0,700,800,0,2,4,1,1,2,1+1,1+1,32+16,0,0,0,0,0,#[color=3A3A3A_size=22]增加己方士气32##[color=3A3A3A_size=22]点，降低敌方士气16##[color=3A3A3A_size=22]点，冷却22.4##[color=3A3A3A_size=22]~33.6##[color=3A3A3A_size=22]秒#
112006,智慧,ui/IconSkill/asst_zhihui.png,assistant/effect/fla_yadiannaSKILL_ADDITIVE,10,1,22,11,0,700,800,0,2,4,1,1,2,1+1,1+1,35+17,0,0,0,0,0,#[color=3A3A3A_size=22]增加己方士气35##[color=3A3A3A_size=22]点，降低敌方士气17##[color=3A3A3A_size=22]点，冷却22##[color=3A3A3A_size=22]~33##[color=3A3A3A_size=22]秒#
112007,智慧,ui/IconSkill/asst_zhihui.png,assistant/effect/fla_yadiannaSKILL_ADDITIVE,10,1,21.6,10.8,0,700,800,0,2,4,1,1,2,1+1,1+1,38+19,0,0,0,0,0,#[color=3A3A3A_size=22]增加己方士气38##[color=3A3A3A_size=22]点，降低敌方士气19##[color=3A3A3A_size=22]点，冷却21.6##[color=3A3A3A_size=22]~32.4##[color=3A3A3A_size=22]秒#
112008,智慧,ui/IconSkill/asst_zhihui.png,assistant/effect/fla_yadiannaSKILL_ADDITIVE,10,1,21.2,10.6,0,700,800,0,2,4,1,1,2,1+1,1+1,42+21,0,0,0,0,0,#[color=3A3A3A_size=22]增加己方士气42##[color=3A3A3A_size=22]点，降低敌方士气21##[color=3A3A3A_size=22]点，冷却21.2##[color=3A3A3A_size=22]~31.8##[color=3A3A3A_size=22]秒#
112009,智慧,ui/IconSkill/asst_zhihui.png,assistant/effect/fla_yadiannaSKILL_ADDITIVE,10,1,20.8,10.4,0,700,800,0,2,4,1,1,2,1+1,1+1,46+23,0,0,0,0,0,#[color=3A3A3A_size=22]增加己方士气46##[color=3A3A3A_size=22]点，降低敌方士气23##[color=3A3A3A_size=22]点，冷却20.8##[color=3A3A3A_size=22]~31.2##[color=3A3A3A_size=22]秒#
112010,智慧,ui/IconSkill/asst_zhihui.png,assistant/effect/fla_yadiannaSKILL_ADDITIVE,10,1,20,10,0,700,800,0,2,4,1,1,2,1+1,1+1,50+25,0,0,0,0,0,#[color=3A3A3A_size=22]增加己方士气50##[color=3A3A3A_size=22]点，降低敌方士气25##[color=3A3A3A_size=22]点，冷却20##[color=3A3A3A_size=22]~30##[color=3A3A3A_size=22]秒#
113001,金刚牛魔,ui/IconSkill/asst_jingangniumo.png,assistant/effect/fla_niumowangSKILL,6,1,20,10,9,2000,0,0,1,2,3,3,1,1,1,20,0,0,0,0,0,#[color=3A3A3A_size=22]增加己方3个建筑物的防御力20##[color=3A3A3A_size=22]点，持续9##[color=3A3A3A_size=22]秒，冷却20##[color=3A3A3A_size=22]~30##[color=3A3A3A_size=22]秒#
113002,金刚牛魔,ui/IconSkill/asst_jingangniumo.png,assistant/effect/fla_niumowangSKILL,6,1,19.6,9.8,9.5,2000,0,0,1,2,3,3,1,1,1,22,0,0,0,0,0,#[color=3A3A3A_size=22]增加己方3个建筑物的防御力22##[color=3A3A3A_size=22]点，持续9.5##[color=3A3A3A_size=22]秒，冷却19.6##[color=3A3A3A_size=22]~29.4##[color=3A3A3A_size=22]秒#
113003,金刚牛魔,ui/IconSkill/asst_jingangniumo.png,assistant/effect/fla_niumowangSKILL,6,1,19.2,9.6,10,2000,0,0,1,2,3,3,1,1,1,24,0,0,0,0,0,#[color=3A3A3A_size=22]增加己方3个建筑物的防御力24##[color=3A3A3A_size=22]点，持续10##[color=3A3A3A_size=22]秒，冷却19.2##[color=3A3A3A_size=22]~28.8##[color=3A3A3A_size=22]秒#
113004,金刚牛魔,ui/IconSkill/asst_jingangniumo.png,assistant/effect/fla_niumowangSKILL,6,1,18.8,9.4,10.5,2000,0,0,1,2,3,3,1,1,1,26,0,0,0,0,0,#[color=3A3A3A_size=22]增加己方3个建筑物的防御力26##[color=3A3A3A_size=22]点，持续10.5##[color=3A3A3A_size=22]秒，冷却18.8##[color=3A3A3A_size=22]~28.2##[color=3A3A3A_size=22]秒#
113005,金刚牛魔,ui/IconSkill/asst_jingangniumo.png,assistant/effect/fla_niumowangSKILL,6,1,18.4,9.2,11,2000,0,0,1,2,3,3,1,1,1,28,0,0,0,0,0,#[color=3A3A3A_size=22]增加己方3个建筑物的防御力28##[color=3A3A3A_size=22]点，持续11##[color=3A3A3A_size=22]秒，冷却18.4##[color=3A3A3A_size=22]~27.6##[color=3A3A3A_size=22]秒#
113006,金刚牛魔,ui/IconSkill/asst_jingangniumo.png,assistant/effect/fla_niumowangSKILL,6,1,18,9,11.5,2000,0,0,1,2,3,3,1,1,1,30,0,0,0,0,0,#[color=3A3A3A_size=22]增加己方3个建筑物的防御力30##[color=3A3A3A_size=22]点，持续11.5##[color=3A3A3A_size=22]秒，冷却18##[color=3A3A3A_size=22]~27##[color=3A3A3A_size=22]秒#
113007,金刚牛魔,ui/IconSkill/asst_jingangniumo.png,assistant/effect/fla_niumowangSKILL,6,1,17.6,8.8,12,2000,0,0,1,2,3,3,1,1,1,32,0,0,0,0,0,#[color=3A3A3A_size=22]增加己方3个建筑物的防御力32##[color=3A3A3A_size=22]点，持续12##[color=3A3A3A_size=22]秒，冷却17.6##[color=3A3A3A_size=22]~26.4##[color=3A3A3A_size=22]秒#
113008,金刚牛魔,ui/IconSkill/asst_jingangniumo.png,assistant/effect/fla_niumowangSKILL,6,1,17.2,8.6,12.5,2000,0,0,1,2,3,3,1,1,1,34,0,0,0,0,0,#[color=3A3A3A_size=22]增加己方3个建筑物的防御力34##[color=3A3A3A_size=22]点，持续12.5##[color=3A3A3A_size=22]秒，冷却17.2##[color=3A3A3A_size=22]~25.8##[color=3A3A3A_size=22]秒#
113009,金刚牛魔,ui/IconSkill/asst_jingangniumo.png,assistant/effect/fla_niumowangSKILL,6,1,16.8,8.4,13,2000,0,0,1,2,3,3,1,1,1,36,0,0,0,0,0,#[color=3A3A3A_size=22]增加己方3个建筑物的防御力36##[color=3A3A3A_size=22]点，持续13##[color=3A3A3A_size=22]秒，冷却16.8##[color=3A3A3A_size=22]~25.2##[color=3A3A3A_size=22]秒#
113010,金刚牛魔,ui/IconSkill/asst_jingangniumo.png,assistant/effect/fla_niumowangSKILL,6,1,16,8,14,2000,0,0,1,2,3,3,1,1,1,40,0,0,0,0,0,#[color=3A3A3A_size=22]增加己方3个建筑物的防御力40##[color=3A3A3A_size=22]点，持续14##[color=3A3A3A_size=22]秒，冷却16##[color=3A3A3A_size=22]~24##[color=3A3A3A_size=22]秒#
200001,火球,ui/IconSkill/asst_fireb.png,assistant/effect/fla_huoqiu,1,1,20,10,0,0,0,0,2,2,2,3,2,1,1,5,0,,,,0,减少敌方2-3个建筑兵力5个，冷却20-30秒
200002,恢复,ui/IconSkill/asst_health.png,assistant/effect/fla_jiabing,1,1,20,10,0,0,0,0,1,2,1,1,1,1,1,5,0,,,,0,恢复我方1个建筑兵力5个，冷却20-30秒
200003,炮塔强化,ui/IconSkill/asst_paota.png,assistant/effect/fla_jiasujn,2,1,10,5,5,0,0,0,1,1,0,0,1,2,1,70,0,,,,0,我方箭塔的攻速增加70%，持续5秒，冷却10-15秒
200004,侦查,ui/IconSkill/asst_spy.png,assistant/effect/fla_yingyan,4,1,20,10,5,0,0,0,3,1,0,0,1,1,1,400,0,,,,0,侦查400范围内敌方建筑兵力，持续5S，冷却20-30秒
197001,金刚牛魔,ui/IconSkill/asst_jingangniumo.png,assistant/effect/fla_niumowangSKILL,6,1,999,10,8,2000,0,0,1,2,3,3,1,1,1,15,0,0,0,0,0,#[color=3A3A3A_size=22]增加己方3个建筑物的防御力15##[color=3A3A3A_size=22]点，持续8##[color=3A3A3A_size=22]秒，冷却999##[color=3A3A3A_size=22]~1009##[color=3A3A3A_size=22]秒#
198001,金箍棒,ui/IconSkill/asst_jingubang.png,assistant/effect/fla_sunwukongSKILL,1,1,999,10,0,700,0,0,4,2,4,5,2,1,1,7,0,0,0,0,0,#[color=3A3A3A_size=22]减少敌方3~5个建筑兵力7##[color=3A3A3A_size=22]个，冷却999##[color=3A3A3A_size=22]~1009##[color=3A3A3A_size=22]秒#
199001,武圣,ui/IconSkill/asst_wusheng.png,assistant/effect/fla_guanyuSKILL,11,1,999,12,600,2000,0,0,1,1,1,1,1,1+1,1+1,80+30,0,0,0,0,0,#[color=3A3A3A_size=22]强化1个己方建筑，第1次派出的部队增加攻击40##[color=3A3A3A_size=22]点，速度20##[color=3A3A3A_size=22]点，冷却999##[color=3A3A3A_size=22]~1011##[color=3A3A3A_size=22]秒#
