id,LevelName,checkType,star1,star2,star3,timeLimit,tool1,tool2,tool3,viewInfo1,viewInfo2,viewInfo3,background,obstacle,mapfile,prevStage,openNeedStar,needPower,dailyCount,levelType,gate_type,logo,baseBonus,perfectBonus,passDes,passName,failCount,tryCount,spirit,firstEX,maxStarEX,repeatEX,owner,nextStage,share,tipsProp,isSkip,menuSkipCount,failSkipCount,skipValue,HasClearanceTip,clearanceTipImg,ClearanceTip,PveAssist,PveFashion,
关卡编号,关卡名称,胜利判定,评星1,评星2,评星3,时间限制,道具1,道具2,道具3,显示信息升级提示,显示信息敌方兵力信息,显示信息救援信息sos,关卡地图,阻挡显示文件,地图文件,前置关卡,开启需求的星星数量,关卡消耗体力数,每日次数,关卡类型,支线数量,装饰标识,通关奖励,满星奖励获得最高评星的奖励,关卡描述,关卡名称,失败几次可以观看视频,尝试几次可以观看视频,火候,首次通关经验,满星通关经验,重复通关经验,所属章节,后置关卡,分享ID,道具是否提示,能否跳关,界面次数,失败次数,跳关价格,是否有通关提示,通关提示图片路径,通关提示Id,PVE将军(不需要配置玩家的),PVE时装(不需要配置玩家的),策划备注（新字段在此往前插）
1010,1,1,1#40,10#110,9#200,180,1,1,1,1,1,1,Battle_Map_pve1,obstacle/fla_otc_WeiXin,map1_1,0,0,5,0,0,0,0,0,0,主线关卡1无评星需求有出兵指引,关卡1_1,1,1,10000,120,70,12,1,1020,0,0,0,0,0,0,0,0,0,0,0,
1020,2,1,1#60,10#105,9#110,180,1,1,1,1,1,1,Battle_Map_pve2,obstacle/fla_otc_WeiXin,map1_2,1010,0,5,0,0,0,0,0,0,主线关卡2无评星需求有升级建筑指引,关卡1_2,1,1,10000,130,70,13,1,1030,0,0,0,0,0,0,0,0,0,0,0,
1030,3,1,1#70,10#120,14#30,180,1,1,1,1,1,1,Battle_Map_pve3,obstacle/fla_otc_WeiXin,map1_3,1020,0,5,0,0,0,0,0,0,主线关卡3无评星需求顽皮的粽子3,关卡1_3,1,1,10000,140,80,14,1,1040,0,0,0,0,0,0,0,0,0,0,0,
1040,4,1,1#70,10#110,9#110,180,1,1,1,1,1,1,Battle_Map_pve4,obstacle/fla_otc_WeiXin,map1_4,1030,0,5,0,0,0,0,0,0,主线关卡3无评星需求顽皮的粽子3,关卡1_4,1,1,10000,160,90,16,1,1050,0,0,0,0,0,0,1,0,0,0,0,
1050,5,1,1#100,10#100,12#1,180,1,1,1,1,1,1,Battle_Map_pve5,obstacle/fla_otc_WeiXin,map1_5,1040,0,5,0,0,0,0,0,0,主线关卡3无评星需求顽皮的粽子3,关卡1_5,1,1,10000,180,100,18,1,1060,0,0,0,0,0,0,0,0,0,0,0,
1060,6,1,1#70,10#80,13#5,180,1,1,1,1,1,1,Battle_Map_pve6,obstacle/fla_otc_WeiXin,map1_6,1050,0,5,0,0,0,0,0,0,主线关卡3无评星需求顽皮的粽子3,关卡1_6,1,1,10000,200,120,20,1,1070,0,0,0,0,0,0,1,0,0,0,0,
1070,7,1,1#90,10#100,13#6,300,1,1,1,1,1,1,Battle_Map_pve7,obstacle/fla_otc_WeiXin,map1_7,1060,0,5,0,0,0,0,0,0,主线关卡4,关卡1_7,1,1,10000,220,130,22,1,1080,0,0,0,0,0,0,0,0,0,0,0,
1080,8,1,1#50,10#100,4#1,180,1,1,1,1,1,1,Battle_Map_pve8,obstacle/fla_otc_WeiXin,map1_8,1070,0,5,0,0,0,0,0,0,主线关卡3无评星需求顽皮的粽子3,关卡1_8,1,1,10000,250,150,25,1,1090,0,0,0,0,0,0,1,0,0,0,0,
1090,9,1,1#60,9#110,4#1,180,1,1,1,1,1,1,Battle_Map_pve9,obstacle/fla_otc_WeiXin,map1_9,1080,0,5,0,0,0,0,20101,0,主线关卡5第一个BOSS关卡,关卡1_9,1,1,10000,280,160,28,1,1100,0,0,0,0,0,0,0,0,0,0,0,
1100,10,1,1#80,9#110,4#2,300,1,1,1,1,1,1,Battle_Map_pve10,obstacle/fla_otc_WeiXin,map1_10,1090,0,5,0,0,0,0,0,0,主线关卡3无评星需求顽皮的粽子3,关卡1_10,1,1,10000,310,180,31,1,1110,0,0,0,0,0,0,0,0,0,0,0,
1110,11,1,1#100,9#140,4#3,300,1,1,1,1,1,1,Battle_Map_1,obstacle/fla_otc_WeiXin,map1_11,1100,0,5,0,0,0,0,0,30101,策划使用数据,关卡1_11,1,1,10000,350,210,35,1,1120,0,0,0,0,0,0,0,0,0,0,0,
1120,12,1,1#60,9#155,12#2,180,1,1,1,1,1,1,Battle_Map_6,obstacle/fla_otc_WeiXin,map1_12,1110,0,5,0,0,0,0,0,0,策划使用数据,关卡1_12,1,1,10000,390,230,39,1,1130,0,0,0,0,0,0,1,0,0,0,0,
1130,13,1,1#60,15#1,12#1,180,1,1,1,1,1,1,Battle_Map_14,obstacle/fla_otc_WeiXin,map1_13,1120,0,5,0,0,0,0,0,0,占领4个炮塔的配置中炮塔id尚不确定,关卡1_13,1,1,10000,430,250,43,1,1140,0,0,0,0,0,0,0,0,0,0,0,
1140,14,1,1#80,15#3,12#1,300,1,1,1,1,1,1,Battle_Map_14,obstacle/fla_otc_WeiXin,map1_14,1130,0,5,0,0,0,0,0,30102,主线关卡3无评星需求顽皮的粽子3,关卡1_14,1,1,10000,470,280,47,1,1150,0,0,0,0,0,0,0,0,0,0,0,
1150,15,1,1#100,15#3,12#1,300,1,1,1,1,1,1,Battle_Map_15,obstacle/fla_otc_WeiXin,map1_15,1140,0,5,0,0,0,0,0,0,主线关卡3无评星需求顽皮的粽子3,关卡1_15,1,1,10000,510,300,51,1,1160,0,0,0,0,0,0,0,0,0,0,0,
1160,16,1,1#80,15#3,10#150,300,1,1,1,1,1,1,Battle_Map_15,obstacle/fla_otc_WeiXin,map1_16,1150,0,5,0,0,0,0,20102,0,无,关卡1_16,2,2,10000,560,330,56,1,1170,0,0,0,0,0,0,0,0,0,0,0,
1170,17,1,1#80,2#8,10#180,300,1,1,1,1,1,1,Battle_Map_16,obstacle/fla_otc_WeiXin,map1_17,1160,0,5,0,0,0,0,0,30103,无,关卡1_17,2,2,10000,610,360,61,1,1180,0,0,0,0,0,0,0,0,0,0,0,
1180,18,1,1#80,2#6,16,180,1,1,1,1,1,1,Battle_Map_16,obstacle/fla_otc_WeiXin,map1_18,1170,0,5,0,0,0,0,0,0,无,关卡1_18,2,2,10000,660,390,66,1,1190,0,0,0,0,0,0,1,0,0,0,0,
1190,19,1,1#90,2#7,4#2,300,1,1,1,1,1,1,Battle_Map_17,obstacle/fla_otc_WeiXin,map1_19,1180,0,5,0,0,0,0,0,30104,无,关卡1_19,2,2,10000,710,420,71,1,1200,0,1,1,2,4,10#20#40,0,0,0,0,0,
1200,20,1,1#150,2#11,4#2,300,1,1,1,1,1,1,Battle_Map_17,obstacle/fla_otc_WeiXin,map1_20,1190,0,5,0,0,0,0,20103,0,无,关卡1_20,2,2,10000,760,450,76,1,1210,0,1,1,2,4,10#20#40,0,0,0,0,0,
1210,21,1,1#120,2#7,4#2,300,1,1,1,1,1,1,Battle_Map_18,obstacle/fla_otc_WeiXin,map1_21,1200,0,5,0,0,0,0,0,0,无,关卡1_21,2,2,10000,820,490,82,1,1220,0,1,1,2,4,10#20#40,0,0,0,0,0,
1220,22,1,1#120,15#5,9#200,300,1,1,1,1,1,1,Battle_Map_18,obstacle/fla_otc_WeiXin,map1_22,1210,0,5,0,0,0,0,0,0,无,关卡1_22,2,2,10000,880,520,88,1,1230,0,1,1,2,4,10#20#40,0,0,0,0,0,
1230,23,1,10#170,2#7,9#220,420,1,1,1,1,1,1,Battle_Map_19,obstacle/fla_otc_WeiXin,map1_23,1220,0,5,0,0,0,0,0,30105,无,关卡1_23,2,2,10000,940,560,94,1,1240,0,1,1,2,4,10#20#40,0,0,0,0,0,
1240,24,1,15#5,2#9,14#260,420,1,1,1,1,1,1,Battle_Map_19,obstacle/fla_otc_WeiXin,map1_24,1230,0,5,0,0,0,0,0,0,无,关卡1_24,2,2,10000,1000,600,100,1,1250,0,1,1,2,4,10#20#40,0,0,0,0,0,
1250,25,1,12#4,2#6,14#240,420,1,1,1,1,1,1,Battle_Map_20,obstacle/fla_otc_WeiXin,map1_25,1240,0,5,0,0,0,0,20104,0,无,关卡1_25,2,2,10000,1060,630,106,1,1260,0,1,1,2,4,10#20#40,0,0,0,0,0,
1260,26,1,12#4,2#7,14#280,420,1,1,1,1,1,1,Battle_Map_20,obstacle/fla_otc_WeiXin,map1_26,1250,0,5,0,0,0,0,0,30106,无,关卡1_26,3,3,10000,1130,670,113,1,1270,0,1,1,2,4,10#20#40,0,0,0,0,0,
1270,27,1,1#150,10#270,12#4,420,1,1,1,1,1,1,Battle_Map_21,obstacle/fla_otc_WeiXin,map1_27,1260,0,5,0,0,0,0,0,0,无,关卡1_27,3,3,10000,1200,720,120,1,1280,0,1,1,2,4,10#20#40,0,0,0,0,0,
1280,28,1,1#120,10#260,12#3,420,1,1,1,1,1,1,Battle_Map_21,obstacle/fla_otc_WeiXin,map1_28,1270,0,5,0,0,0,0,0,0,无,关卡1_28,3,3,10000,1270,760,127,1,1290,0,1,1,2,4,10#20#40,0,0,0,0,0,
1290,29,1,1#170,12#4,9#320,600,1,1,1,1,1,1,Battle_Map_22,obstacle/fla_otc_WeiXin,map1_29,1280,0,5,0,0,0,0,0,30107,无,关卡1_29,3,3,10000,1340,800,134,1,1300,0,1,1,2,4,10#20#40,0,0,0,0,0,
1300,30,1,1#180,12#3,10#380,600,1,1,1,1,1,1,Battle_Map_22,obstacle/fla_otc_WeiXin,map1_30,1290,0,5,0,0,0,0,20105,0,无,关卡1_30,3,3,10000,1410,840,141,1,0,0,0,0,0,0,0,0,0,0,0,0,
2010,1,1,8#150,1#150,4#1,300,1,1,1,1,1,1,Battle_Map_24,obstacle/fla_otc_WeiXin,map2_1,0,0,5,0,0,0,0,0,0,无,关卡2_1,2,2,10000,1490,890,149,2,2020,0,1,1,2,4,10#20#40,0,0,0,0,0,
2020,2,1,10#140,1#120,4#1,300,1,1,1,1,1,1,Battle_Map_24,obstacle/fla_otc_WeiXin,map2_2,2010,0,5,0,0,0,0,0,0,无,关卡2_2,2,2,10000,1570,940,157,2,2030,0,1,1,2,4,10#20#40,0,0,0,0,0,
2030,3,1,8#220,10#240,1#210,300,1,1,1,1,1,1,Battle_Map_25,obstacle/fla_otc_WeiXin,map2_3,2020,0,5,0,0,0,0,0,30201,无,关卡2_3,2,2,10000,1650,990,165,2,2040,0,1,1,2,4,10#20#40,0,0,0,0,0,
2040,4,1,4#1,1#240,10#300,300,1,1,1,1,1,1,Battle_Map_25,obstacle/fla_otc_WeiXin,map2_4,2030,0,5,0,0,0,0,0,0,无,关卡2_4,2,2,10000,1730,1030,173,2,2050,0,1,1,2,4,10#20#40,0,0,0,0,0,
2050,5,1,4#1,16,9#300,300,1,1,1,1,1,1,Battle_Map_26,obstacle/fla_otc_WeiXin,map2_5,2040,0,5,0,0,0,0,20201,0,无,关卡2_5,2,2,10000,1810,1080,181,2,2060,0,1,1,2,4,10#20#40,0,0,0,0,0,
2060,6,2,4#1,10#300,1#150,300,1,1,1,1,1,1,Battle_Map_26,obstacle/fla_otc_WeiXin,map2_6,2050,0,5,0,0,0,0,0,0,无,关卡2_6,2,2,10000,1900,1140,190,2,2070,0,1,1,2,4,10#20#40,0,0,0,0,0,
2070,7,2,4#3,13#7,1#150,300,1,1,1,1,1,1,Battle_Map_27,obstacle/fla_otc_WeiXin,map2_7,2060,0,5,0,0,0,0,0,0,无,关卡2_7,2,2,10000,1990,1190,199,2,2080,0,1,1,2,4,10#20#40,0,0,0,0,0,
2080,8,1,12#2,1#210,2#11,300,1,1,1,1,1,1,Battle_Map_27,obstacle/fla_otc_WeiXin,map2_8,2070,0,5,0,0,0,0,0,30202,无,关卡2_8,2,2,10000,2080,1240,208,2,2090,0,1,1,2,4,10#20#40,0,0,0,0,0,
2090,9,1,1#150,4#1,5#140,360,1,1,1,1,1,1,Battle_Map_28,obstacle/fla_otc_WeiXin,map2_9,2080,0,5,0,0,0,0,0,0,无,关卡2_9,2,2,10000,2170,1300,217,2,2100,0,1,1,2,4,10#20#40,0,0,0,0,0,
2100,10,1,10#240,1#240,8#300,360,1,1,1,1,1,1,Battle_Map_28,obstacle/fla_otc_WeiXin,map2_10,2090,0,5,0,0,0,0,20202,0,无,关卡2_10,2,2,10000,2260,1350,226,2,2110,0,1,1,2,4,10#20#40,0,0,0,0,0,
2110,11,2,16,9#210,1#160,360,1,1,1,1,1,1,Battle_Map_29,obstacle/fla_otc_WeiXin,map2_11,2100,0,5,0,0,0,0,0,0,无,关卡2_11,2,2,10000,2360,1410,236,2,2120,0,1,1,2,4,10#20#40,0,0,0,0,0,
2120,12,1,1#300,10#270,2#7,360,1,1,1,1,1,1,Battle_Map_29,obstacle/fla_otc_WeiXin,map2_12,2110,0,5,0,0,0,0,0,0,无,关卡2_12,2,2,10000,2460,1470,246,2,2130,0,1,1,2,4,10#20#40,0,0,0,0,0,
2130,13,1,15#2,5#220,1#360,480,1,1,1,1,1,1,Battle_Map_30,obstacle/fla_otc_WeiXin,map2_13,2120,0,5,0,0,0,0,0,30203,无,关卡2_13,2,2,10000,2560,1530,256,2,2140,0,1,1,2,4,10#20#40,0,0,0,0,0,
2140,14,1,1#200,10#270,8#240,480,1,1,1,1,1,1,Battle_Map_30,obstacle/fla_otc_WeiXin,map2_14,2130,0,5,0,0,0,0,0,0,无,关卡2_14,2,2,10000,2660,1590,266,2,2150,0,1,1,2,4,10#20#40,0,0,0,0,0,
2150,15,1,15#5,2#9,1#180,420,1,1,1,1,1,1,Battle_Map_31,obstacle/fla_otc_WeiXin,map2_15,2140,0,5,0,0,0,0,20203,0,无,关卡2_15,2,2,10000,2760,1650,276,2,2160,0,1,1,2,4,10#20#40,0,0,0,0,0,
2160,16,1,4#2,1#330,10#350,420,1,1,1,1,1,1,Battle_Map_31,obstacle/fla_otc_WeiXin,map2_16,2150,0,5,0,0,0,0,0,0,无,关卡2_16,2,2,10000,2870,1720,287,2,2170,0,1,1,2,4,10#20#40,0,0,0,0,0,
2170,17,2,13#12,2#11,1#300,420,1,1,1,1,1,1,Battle_Map_32,obstacle/fla_otc_WeiXin,map2_17,2160,0,5,0,0,0,0,0,0,无,关卡2_17,2,2,10000,2980,1780,298,2,2180,0,1,1,2,4,10#20#40,0,0,0,0,0,
2180,18,1,1#270,4#2,9#200,420,1,1,1,1,1,1,Battle_Map_32,obstacle/fla_otc_WeiXin,map2_18,2170,0,5,0,0,0,0,0,30204,无,关卡2_18,2,2,10000,3090,1850,309,2,2190,0,1,1,2,4,10#20#40,0,0,0,0,0,
2190,19,1,1#200,4#1,10#160,420,1,1,1,1,1,1,Battle_Map_33,obstacle/fla_otc_WeiXin,map2_19,2180,0,5,0,0,0,0,0,0,主线关卡2章19,关卡2_19,2,2,10000,3200,1920,320,2,2200,0,1,1,2,4,10#20#40,0,0,0,0,0,
2200,20,1,15#3,1#300,5#600,480,1,1,1,1,1,1,Battle_Map_33,obstacle/fla_otc_WeiXin,map2_20,2190,0,5,0,0,0,0,20204,0,主线关卡2章20,关卡2_20,2,2,10000,3310,1980,331,2,2210,0,1,1,2,4,10#20#40,0,0,0,0,0,
2210,21,1,1#120,10#200,8#130,480,1,1,1,1,1,1,Battle_Map_34,obstacle/fla_otc_WeiXin,map2_21,2200,0,5,0,0,0,0,0,0,主线关卡2章21,关卡2_21,3,3,10000,3430,2050,343,2,2220,0,1,1,2,4,10#20#40,0,0,0,0,0,
2220,22,1,1#330,5#210,4#2,480,1,1,1,1,1,1,Battle_Map_34,obstacle/fla_otc_WeiXin,map2_22,2210,0,5,0,0,0,0,0,0,主线关卡2章22,关卡2_22,3,3,10000,3550,2130,355,2,2230,0,1,1,2,4,10#20#40,0,0,0,0,0,
2230,23,1,16,1#210,8#240,480,1,1,1,1,1,1,Battle_Map_35,obstacle/fla_otc_WeiXin,map2_23,2220,0,5,0,0,0,0,0,30205,主线关卡2章23,关卡2_23,3,3,10000,3670,2200,367,2,2240,0,1,1,2,4,10#20#40,0,0,0,0,0,
2240,24,1,1#240,10#300,8#240,480,1,1,1,1,1,1,Battle_Map_35,obstacle/fla_otc_WeiXin,map2_24,2230,0,5,0,0,0,0,0,0,主线关卡2章24,关卡2_24,3,3,10000,3790,2270,379,2,2250,0,1,1,2,4,10#20#40,0,0,0,0,0,
2250,25,1,1#210,5#400,14#300,480,1,1,1,1,1,1,Battle_Map_36,obstacle/fla_otc_WeiXin,map2_25,2240,0,5,0,0,0,0,20205,0,主线关卡2章25,关卡2_25,3,3,10000,3910,2340,391,2,2260,0,1,1,2,4,10#20#40,0,0,0,0,0,
2260,26,1,12#3,1#300,14#300,480,1,1,1,1,1,1,Battle_Map_36,obstacle/fla_otc_WeiXin,map2_26,2250,0,5,0,0,0,0,0,0,主线关卡2章26,关卡2_26,3,3,10000,4040,2420,404,2,2270,0,1,1,2,4,10#20#40,0,0,0,0,0,
2270,27,1,12#4,1#300,15#4,540,1,1,1,1,1,1,Battle_Map_37,obstacle/fla_otc_WeiXin,map2_27,2260,0,5,0,0,0,0,0,30206,主线关卡2章27,关卡2_27,3,3,10000,4170,2500,417,2,2280,0,1,1,2,4,10#20#40,0,0,0,0,0,
2280,28,1,1#210,15#4,5#350,540,1,1,1,1,1,1,Battle_Map_37,obstacle/fla_otc_WeiXin,map2_28,2270,0,5,0,0,0,0,0,0,主线关卡2章28,关卡2_28,3,3,10000,4300,2580,430,2,2290,0,1,1,2,4,10#20#40,0,0,0,0,0,
2290,29,1,1#300,16,12#2,540,1,1,1,1,1,1,Battle_Map_38,obstacle/fla_otc_WeiXin,map2_29,2280,0,5,0,0,0,0,0,0,主线关卡2章29,关卡2_29,3,3,10000,4430,2650,443,2,2300,0,1,1,2,4,10#20#40,0,0,0,0,0,
2300,30,1,1#180,16,5#250,540,1,1,1,1,1,1,Battle_Map_38,obstacle/fla_otc_WeiXin,map2_30,2290,0,5,0,0,0,0,20206,0,主线关卡2章30,关卡2_30,3,3,10000,4560,2730,456,2,2310,0,1,1,2,4,10#20#40,0,0,0,0,0,
2310,31,1,1#180,10#350,4#2,540,1,1,1,1,1,1,Battle_Map_39,obstacle/fla_otc_WeiXin,map2_31,2300,0,5,0,0,0,0,0,30207,主线关卡2章31,关卡2_31,3,3,10000,4700,2820,470,2,2320,0,1,1,2,4,10#20#40,0,0,0,0,0,
2320,32,1,4#1,7#150,1#300,540,1,1,1,1,1,1,Battle_Map_39,obstacle/fla_otc_WeiXin,map2_32,2310,0,5,0,0,0,0,0,0,主线关卡2章32,关卡2_32,3,3,10000,4840,2900,484,2,2330,0,1,1,2,4,10#20#40,0,0,0,0,0,
2330,33,1,1#200,12#1,16,540,1,1,1,1,1,1,Battle_Map_40,obstacle/fla_otc_WeiXin,map2_33,2320,0,5,0,0,0,0,0,0,主线关卡2章33,关卡2_33,3,3,10000,4980,2980,498,2,2340,0,1,1,2,4,10#20#40,0,0,0,0,0,
2340,34,1,10#280,1#300,15#3,540,1,1,1,1,1,1,Battle_Map_40,obstacle/fla_otc_WeiXin,map2_34,2330,0,5,0,0,0,0,0,0,主线关卡2章34,关卡2_34,3,3,10000,5120,3070,512,2,2350,0,1,1,2,4,10#20#40,0,0,0,0,0,
2350,35,1,1#180,2#11,5#280,540,1,1,1,1,1,1,Battle_Map_40,obstacle/fla_otc_WeiXin,map2_35,2340,0,5,0,0,0,0,0,30208,主线关卡2章35,关卡2_35,3,3,10000,5260,3150,526,2,0,0,0,0,0,0,0,0,0,0,0,0,
3010,1,1,1#165,12#2,10#200,360,0,0,0,1,1,1,Battle_Map_8,obstacle/fla_otc_WeiXin,map3_1,0,0,5,0,0,0,0,0,0,第3章第1小关,关卡3_1,3,3,10000,5410,3240,541,3,3020,0,0,1,2,4,10#20#40,0,0,0,0,0,
3020,2,1,1#200,16,12#2,420,1,1,1,1,1,1,Battle_Map_8,obstacle/fla_otc_WeiXin,map3_2,3010,0,5,0,0,0,0,0,0,第3章第2小关,关卡3_2,3,3,10000,5560,3330,556,3,3030,0,0,1,2,4,10#20#40,0,0,0,0,0,
3030,3,1,1#180,15#2,10#220,420,1,1,1,1,1,1,Battle_Map_2,obstacle/fla_otc_WeiXin,map3_3,3020,0,5,0,0,0,0,0,0,第3章第3小关,关卡3_3,3,3,10000,5710,3420,571,3,3040,0,0,1,2,4,10#20#40,0,0,0,0,0,
3040,4,1,1#165,4#1,10#175,420,1,1,1,1,1,1,Battle_Map_2,obstacle/fla_otc_WeiXin,map3_4,3030,0,5,0,0,0,0,0,30301,第3章第4小关,关卡3_4,3,3,10000,5860,3510,586,3,3050,0,0,1,2,4,10#20#40,0,0,0,0,0,
3050,5,1,1#195,12#1,10#260,420,1,1,1,1,1,1,Battle_Map_6,obstacle/fla_otc_WeiXin,map3_5,3040,0,5,0,0,0,0,20301,0,第3章第5小关,关卡3_5,3,3,10000,6010,3600,601,3,3060,0,0,1,2,4,10#20#40,0,0,0,0,0,
3060,6,1,1#125,12#2,10#185,420,1,1,1,1,1,1,Battle_Map_9,obstacle/fla_otc_WeiXin,map3_6,3050,0,5,0,0,0,0,0,0,第3章第6小关,关卡3_6,3,3,10000,6170,3700,617,3,3070,0,0,1,2,4,10#20#40,0,0,0,0,0,
3070,7,1,1#240,4#3,10#320,420,1,1,1,1,1,1,Battle_Map_9,obstacle/fla_otc_WeiXin,map3_7,3060,0,5,0,0,0,0,0,0,第3章第7小关,关卡3_7,3,3,10000,6330,3790,633,3,3080,0,0,1,2,4,10#20#40,0,0,0,0,0,
3080,8,1,1#200,12#2,10#300,420,1,1,1,1,1,1,Battle_Map_10,obstacle/fla_otc_WeiXin,map3_8,3070,0,5,0,0,0,0,0,30302,第3章第8小关,关卡3_8,3,3,10000,6490,3890,649,3,3090,0,0,1,2,4,10#20#40,0,0,0,0,0,
3090,9,1,1#220,10#400,12#1,420,1,1,1,1,1,1,Battle_Map_10,obstacle/fla_otc_WeiXin,map3_9,3080,0,5,0,0,0,0,0,0,第3章第9小关,关卡3_9,3,3,10000,6650,3990,665,3,3100,0,0,1,2,4,10#20#40,0,0,0,0,0,
3100,10,1,1#180,9#215,10#400,420,1,1,1,1,1,1,Battle_Map_7,obstacle/fla_otc_WeiXin,map3_10,3090,0,5,0,0,0,0,20302,0,第3章第10小关,关卡3_10,3,3,10000,6810,4080,681,3,3110,0,0,1,2,4,10#20#40,0,0,0,0,0,
3110,11,1,1#225,12#1,10#265,420,1,1,1,1,1,1,Battle_Map_7,obstacle/fla_otc_WeiXin,map3_11,3100,0,5,0,0,0,0,0,0,第3章第11小关,关卡3_11,4,4,10000,6980,4180,698,3,3120,0,0,1,2,4,10#20#40,0,0,0,0,0,
3120,12,1,1#245,15#3,10#275,420,1,1,1,1,1,1,Battle_Map_17,obstacle/fla_otc_WeiXin,map3_12,3110,0,5,0,0,0,0,0,30303,第3章第12小关,关卡3_12,4,4,10000,7150,4290,715,3,3130,0,0,1,2,4,10#20#40,0,0,0,0,0,
3130,13,2,1#135,4#2,10#260,420,1,1,1,1,1,1,Battle_Map_17,obstacle/fla_otc_WeiXin,map3_13,3120,0,5,0,0,0,0,0,0,第3章第13小关,关卡3_13,4,4,10000,7320,4390,732,3,3140,0,0,1,2,4,10#20#40,0,0,0,0,0,
3140,14,1,12#1,15#5,10#300,420,1,1,1,1,1,1,Battle_Map_11,obstacle/fla_otc_WeiXin,map3_14,3130,0,5,0,0,0,0,0,0,第3章第14小关,关卡3_14,4,4,10000,7490,4490,749,3,3150,0,0,1,2,4,10#20#40,0,0,0,0,0,
3150,15,1,1#230,12#2,10#520,420,1,1,1,1,1,1,Battle_Map_11,obstacle/fla_otc_WeiXin,map3_15,3140,0,5,0,0,0,0,20303,0,第3章第15小关,关卡3_15,4,4,10000,7660,4590,766,3,3160,0,0,1,2,4,10#20#40,0,0,0,0,0,
3160,16,1,1#200,5#250,12#1,420,1,1,1,1,1,1,Battle_Map_11,obstacle/fla_otc_WeiXin,map3_16,3150,0,5,0,0,0,0,0,0,第3章第16小关,关卡3_16,4,4,10000,7840,4700,784,3,3170,0,0,1,2,4,10#20#40,0,0,0,0,0,
3170,17,1,1#150,4#6,15#4,420,1,1,1,1,1,1,Battle_Map_11,obstacle/fla_otc_WeiXin,map3_17,3160,0,5,0,0,0,0,0,30304,第3章第17小关,关卡3_17,4,4,10000,8020,4810,802,3,3180,0,0,1,2,4,10#20#40,0,0,0,0,0,
3180,18,1,1#150,5#260,15#2,420,1,1,1,1,1,1,Battle_Map_11,obstacle/fla_otc_WeiXin,map3_18,3170,0,5,0,0,0,0,0,0,第3章第18小关,关卡3_18,4,4,10000,8200,4920,820,3,3190,0,0,1,2,4,10#20#40,0,0,0,0,0,
3190,19,1,1#120,5#180,4#3,420,1,1,1,1,1,1,Battle_Map_11,obstacle/fla_otc_WeiXin,map3_19,3180,0,5,0,0,0,0,0,0,第3章第19小关,关卡3_19,4,4,10000,8380,5020,838,3,3200,0,0,1,2,4,10#20#40,0,0,0,0,0,
3200,20,1,1#190,10#340,15#3,420,1,1,1,1,1,1,Battle_Map_11,obstacle/fla_otc_WeiXin,map3_20,3190,0,5,0,0,0,0,20304,0,第3章第20小关,关卡3_20,4,4,10000,8560,5130,856,3,3210,0,0,1,2,4,10#20#40,0,0,0,0,0,
3210,21,1,1#180,5#260,12#1,480,1,1,1,1,1,1,Battle_Map_11,obstacle/fla_otc_WeiXin,map3_21,3200,0,5,0,0,0,0,0,0,第3章第21小关,关卡3_21,4,4,10000,8750,5250,875,3,3220,0,0,1,2,4,10#20#40,0,0,0,0,0,
3220,22,2,1#100,12#1,11#220,480,1,1,1,1,1,1,Battle_Map_11,obstacle/fla_otc_WeiXin,map3_22,3210,0,5,0,0,0,0,0,30305,第3章第22小关,关卡3_22,4,4,10000,8940,5360,894,3,3230,0,0,1,2,4,10#20#40,0,0,0,0,0,
3230,23,1,1#180,5#210,15#3,480,1,1,1,1,1,1,Battle_Map_11,obstacle/fla_otc_WeiXin,map3_23,3220,0,5,0,0,0,0,0,0,第3章第23小关,关卡3_23,4,4,10000,9130,5470,913,3,3240,0,0,1,2,4,10#20#40,0,0,0,0,0,
3240,24,1,1#140,12#1,15#3,480,1,1,1,1,1,1,Battle_Map_11,obstacle/fla_otc_WeiXin,map3_24,3230,0,5,0,0,0,0,0,0,第3章第24小关,关卡3_24,4,4,10000,9320,5590,932,3,3250,0,0,1,2,4,10#20#40,0,0,0,0,0,
3250,25,1,1#220,10#320,15#4,600,1,1,1,1,1,1,Battle_Map_11,obstacle/fla_otc_WeiXin,map3_25,3240,0,5,0,0,0,0,20305,0,第3章第25小关,关卡3_25,4,4,10000,9510,5700,951,3,3260,0,0,1,2,4,10#20#40,0,0,0,0,0,
3260,26,1,1#240,10#270,12#1,600,1,1,1,1,1,1,Battle_Map_11,obstacle/fla_otc_WeiXin,map3_26,3250,0,5,0,0,0,0,0,0,第3章第26小关,关卡3_26,5,5,10000,9710,5820,971,3,3270,0,0,1,2,4,10#20#40,0,0,0,0,0,
3270,27,1,1#180,12#1,15#4,600,1,1,1,1,1,1,Battle_Map_11,obstacle/fla_otc_WeiXin,map3_27,3260,0,5,0,0,0,0,0,30306,第3章第27小关,关卡3_27,5,5,10000,9910,5940,991,3,3280,0,0,1,2,4,10#20#40,0,0,0,0,0,
3280,28,2,1#180,5#300,15#3,600,1,1,1,1,1,1,Battle_Map_11,obstacle/fla_otc_WeiXin,map3_28,3270,0,5,0,0,0,0,0,0,第3章第28小关,关卡3_28,5,5,10000,10110,6060,1011,3,3290,0,0,1,2,4,10#20#40,0,0,0,0,0,
3290,29,1,1#160,16,15#4,600,1,1,1,1,1,1,Battle_Map_11,obstacle/fla_otc_WeiXin,map3_29,3280,0,5,0,0,0,0,0,0,第3章第29小关,关卡3_29,5,5,10000,10310,6180,1031,3,3300,0,0,1,2,4,10#20#40,0,0,0,0,0,
3300,30,1,1#240,16,10#270,600,1,1,1,1,1,1,Battle_Map_11,obstacle/fla_otc_WeiXin,map3_30,3290,0,5,0,0,0,0,20306,0,第3章第30小关,关卡3_30,5,5,10000,10510,6300,1051,3,3310,0,0,1,2,4,10#20#40,0,0,0,0,0,
3310,31,1,1#220,12#2,10#260,600,1,1,1,1,1,1,Battle_Map_11,obstacle/fla_otc_WeiXin,map3_31,3300,0,5,0,0,0,0,0,0,第3章第31小关,关卡3_31,5,5,10000,10720,6430,1072,3,3320,0,0,1,2,4,10#20#40,0,0,0,0,0,
3320,32,2,1#210,12#1,4#2,600,1,1,1,1,1,1,Battle_Map_11,obstacle/fla_otc_WeiXin,map3_32,3310,0,5,0,0,0,0,0,30307,第3章第32小关,关卡3_32,5,5,10000,10930,6550,1093,3,3330,0,0,1,2,4,10#20#40,0,0,0,0,0,
3330,33,1,1#260,14#300,11#350,600,1,1,1,1,1,1,Battle_Map_11,obstacle/fla_otc_WeiXin,map3_33,3320,0,5,0,0,0,0,0,0,第3章第33小关,关卡3_33,5,5,10000,11140,6680,1114,3,3340,0,0,1,2,4,10#20#40,0,0,0,0,0,
3340,34,1,1#270,4#3,10#400,600,1,1,1,1,1,1,Battle_Map_11,obstacle/fla_otc_WeiXin,map3_34,3330,0,5,0,0,0,0,0,0,第3章第34小关,关卡3_34,5,5,10000,11350,6810,1135,3,3350,0,0,1,2,4,10#20#40,0,0,0,0,0,
3350,35,1,1#280,5#500,12#1,600,1,1,1,1,1,1,Battle_Map_11,obstacle/fla_otc_WeiXin,map3_35,3340,0,5,0,0,0,0,0,30308,第3章第35小关,关卡3_35,5,5,10000,11560,6930,1156,3,0,0,0,0,0,0,0,0,0,0,0,0,
4010,1,1,1#90,8#240,10#240,300,1,1,1,1,1,1,Battle_Map_18,obstacle/fla_otc_WeiXin,map4_1,0,0,5,0,0,0,0,0,0,第4章第1小关,关卡4_1,3,3,10000,11780,7060,1178,4,4020,0,0,1,2,4,10#20#40,0,0,0,0,0,
4020,2,1,1#120,4#2,8#220,300,1,1,1,1,1,1,Battle_Map_19,obstacle/fla_otc_WeiXin,map4_2,4010,0,5,0,0,0,0,0,0,第4章第2小关,关卡4_2,3,3,10000,12000,7200,1200,4,4030,0,0,1,2,4,10#20#40,0,0,0,0,0,
4030,3,1,1#70,4#2,8#180,300,1,1,1,1,1,1,Battle_Map_19,obstacle/fla_otc_WeiXin,map4_3,4020,0,5,0,0,0,0,0,0,第4章第3小关,关卡4_3,3,3,10000,12220,7330,1222,4,4040,0,0,1,2,4,10#20#40,0,0,0,0,0,
4040,4,1,1#140,10#330,12#2,300,1,1,1,1,1,1,Battle_Map_20,obstacle/fla_otc_WeiXin,map4_4,4030,0,5,0,0,0,0,0,30401,第4章第4小关,关卡4_4,3,3,10000,12440,7460,1244,4,4050,0,0,1,2,4,10#20#40,0,0,0,0,0,
4050,5,1,1#60,8#150,2#5,300,1,1,1,1,1,1,Battle_Map_20,obstacle/fla_otc_WeiXin,map4_5,4040,0,5,0,0,0,0,20401,0,第4章第5小关,关卡4_5,3,3,10000,12660,7590,1266,4,4060,0,0,1,2,4,10#20#40,0,0,0,0,0,
4060,6,1,1#70,8#200,12#1,300,1,1,1,1,1,1,Battle_Map_21,obstacle/fla_otc_WeiXin,map4_6,4050,0,5,0,0,0,0,0,0,第4章第6小关,关卡4_6,3,3,10000,12890,7730,1289,4,4070,0,0,1,2,4,10#20#40,0,0,0,0,0,
4070,7,1,1#180,10#220,8#220,300,1,1,1,1,1,1,Battle_Map_21,obstacle/fla_otc_WeiXin,map4_7,4060,0,5,0,0,0,0,0,0,第4章第7小关,关卡4_7,3,3,10000,13120,7870,1312,4,4080,0,0,1,2,4,10#20#40,0,0,0,0,0,
4080,8,1,1#180,4#1,12#1,300,1,1,1,1,1,1,Battle_Map_22,obstacle/fla_otc_WeiXin,map4_8,4070,0,5,0,0,0,0,0,30402,第4章第8小关,关卡4_8,3,3,10000,13350,8010,1335,4,4090,0,0,1,2,4,10#20#40,0,0,0,0,0,
4090,9,1,1#70,8#150,12#1,300,1,1,1,1,1,1,Battle_Map_22,obstacle/fla_otc_WeiXin,map4_9,4080,0,5,0,0,0,0,0,0,第4章第9小关,关卡4_9,3,3,10000,13580,8140,1358,4,4100,0,0,1,2,4,10#20#40,0,0,0,0,0,
4100,10,1,1#110,8#120,4#1,300,1,1,1,1,1,1,Battle_Map_24,obstacle/fla_otc_WeiXin,map4_10,4090,0,5,0,0,0,0,20402,0,第4章第10小关,关卡4_10,3,3,10000,13810,8280,1381,4,4110,0,0,1,2,4,10#20#40,0,0,0,0,0,
4110,11,1,1#55,8#120,10#180,300,1,1,1,1,1,1,Battle_Map_24,obstacle/fla_otc_WeiXin,map4_11,4100,0,5,0,0,0,0,0,0,第4章第11小关,关卡4_11,3,3,10000,14050,8430,1405,4,4120,0,0,1,2,4,10#20#40,0,0,0,0,0,
4120,12,1,1#140,8#160,4#2,300,1,1,1,1,1,1,Battle_Map_25,obstacle/fla_otc_WeiXin,map4_12,4110,0,5,0,0,0,0,0,30403,第4章第12小关,关卡4_12,3,3,10000,14290,8570,1429,4,4130,0,0,1,2,4,10#20#40,0,0,0,0,0,
4130,13,1,1#140,8#200,4#2,300,1,1,1,1,1,1,Battle_Map_25,obstacle/fla_otc_WeiXin,map4_13,4120,0,5,0,0,0,0,0,0,第4章第13小关,关卡4_13,3,3,10000,14530,8710,1453,4,4140,0,0,1,2,4,10#20#40,0,0,0,0,0,
4140,14,1,1#150,5#400,12#1,360,1,1,1,1,1,1,Battle_Map_26,obstacle/fla_otc_WeiXin,map4_14,4130,0,5,0,0,0,0,0,0,第4章第14小关,关卡4_14,3,3,10000,14770,8860,1477,4,4150,0,0,1,2,4,10#20#40,0,0,0,0,0,
4150,15,1,1#130,8#300,4#2,360,1,1,1,1,1,1,Battle_Map_24,obstacle/fla_otc_WeiXin,map4_15,4140,0,5,0,0,0,0,20403,0,第4章第15小关,关卡4_15,3,3,10000,15010,9000,1501,4,4160,0,0,1,2,4,10#20#40,0,0,0,0,0,
4160,16,1,1#60,4#1,12#1,360,1,1,1,1,1,1,Battle_Map_19,obstacle/fla_otc_WeiXin,map4_16,4150,0,5,0,0,0,0,0,0,第4章第16小关,关卡4_16,3,3,10000,15260,9150,1526,4,4170,0,0,1,2,4,10#20#40,0,0,0,0,0,
4170,17,1,1#80,5#260,12#1,360,1,1,1,1,1,1,Battle_Map_18,obstacle/fla_otc_WeiXin,map4_17,4160,0,5,0,0,0,0,0,30404,第4章第17小关,关卡4_17,3,3,10000,15510,9300,1551,4,4180,0,0,1,2,4,10#20#40,0,0,0,0,0,
4180,18,1,1#150,5#260,12#2,360,1,1,1,1,1,1,Battle_Map_19,obstacle/fla_otc_WeiXin,map4_18,4170,0,5,0,0,0,0,0,0,第4章第18小关,关卡4_18,3,3,10000,15760,9450,1576,4,4190,0,0,1,2,4,10#20#40,0,0,0,0,0,
4190,19,1,1#130,5#250,2#8,360,1,1,1,1,1,1,Battle_Map_19,obstacle/fla_otc_WeiXin,map4_19,4180,0,5,0,0,0,0,0,0,第4章第19小关,关卡4_19,3,3,10000,16010,9600,1601,4,4200,0,0,1,2,4,10#20#40,0,0,0,0,0,
4200,20,1,1#140,5#280,12#1,360,1,1,1,1,1,1,Battle_Map_20,obstacle/fla_otc_WeiXin,map4_20,4190,0,5,0,0,0,0,20404,0,第4章第20小关,关卡4_20,3,3,10000,16260,9750,1626,4,4210,0,0,1,2,4,10#20#40,0,0,0,0,0,
4210,21,1,1#120,5#260,4#3,360,1,1,1,1,1,1,Battle_Map_20,obstacle/fla_otc_WeiXin,map4_21,4200,0,5,0,0,0,0,0,0,第4章第21小关,关卡4_21,3,3,10000,16520,9910,1652,4,4220,0,0,1,2,4,10#20#40,0,0,0,0,0,
4220,22,1,1#140,12#1,2#10,360,1,1,1,1,1,1,Battle_Map_21,obstacle/fla_otc_WeiXin,map4_22,4210,0,5,0,0,0,0,0,30405,第4章第22小关,关卡4_22,3,3,10000,16780,10060,1678,4,4230,0,0,1,2,4,10#20#40,0,0,0,0,0,
4230,23,1,1#150,12#1,5#240,360,1,1,1,1,1,1,Battle_Map_21,obstacle/fla_otc_WeiXin,map4_23,4220,0,5,0,0,0,0,0,0,第4章第23小关,关卡4_23,3,3,10000,17040,10220,1704,4,4240,0,0,1,2,4,10#20#40,0,0,0,0,0,
4240,24,1,1#150,4#2,5#280,360,1,1,1,1,1,1,Battle_Map_22,obstacle/fla_otc_WeiXin,map4_24,4230,0,5,0,0,0,0,0,0,第4章第24小关,关卡4_24,3,3,10000,17300,10380,1730,4,4250,0,0,1,2,4,10#20#40,0,0,0,0,0,
4250,25,1,1#120,12#1,5#260,360,1,1,1,1,1,1,Battle_Map_22,obstacle/fla_otc_WeiXin,map4_25,4240,0,5,0,0,0,0,20405,0,第4章第25小关,关卡4_25,3,3,10000,17560,10530,1756,4,4260,0,0,0,0,0,0,0,0,0,0,0,
4260,26,1,1#280,5#500,12#1,360,1,1,1,1,1,1,Battle_Map_24,obstacle/fla_otc_WeiXin,map4_26,9999,0,5,0,0,0,0,0,0,第4章第26小关,关卡4_26,3,3,10000,17830,10690,1783,4,1,0,0,0,0,0,0,0,0,0,0,0,
4270,27,1,1#280,5#500,12#1,360,1,1,1,1,1,1,Battle_Map_24,obstacle/fla_otc_WeiXin,map4_27,9999,0,5,0,0,0,0,0,0,第4章第27小关,关卡4_27,3,3,10000,18100,10860,1810,4,1,0,0,0,0,0,0,0,0,0,0,0,
4280,28,1,1#280,5#500,12#1,360,1,1,1,1,1,1,Battle_Map_26,obstacle/fla_otc_WeiXin,map4_28,9999,0,5,0,0,0,0,0,0,第4章第28小关,关卡4_28,3,3,10000,18370,11020,1837,4,1,0,0,0,0,0,0,0,0,0,0,0,
4290,29,1,1#280,5#500,12#1,360,1,1,1,1,1,1,Battle_Map_24,obstacle/fla_otc_WeiXin,map4_29,9999,0,5,0,0,0,0,0,0,第4章第29小关,关卡4_29,3,3,10000,18640,11180,1864,4,1,0,0,0,0,0,0,0,0,0,0,0,
4300,30,1,1#280,5#500,12#1,360,1,1,1,1,1,1,Battle_Map_22,obstacle/fla_otc_WeiXin,map4_30,9999,0,5,0,0,0,0,0,0,第4章第30小关,关卡4_30,3,3,10000,18910,11340,1891,4,1,0,0,0,0,0,0,0,0,0,0,0,
4310,31,1,1#280,5#500,12#1,360,1,1,1,1,1,1,Battle_Map_22,obstacle/fla_otc_WeiXin,map4_31,9999,0,5,0,0,0,0,0,0,第4章第31小关,关卡4_31,3,3,10000,19190,11510,1919,4,1,0,0,0,0,0,0,0,0,0,0,0,
4320,32,1,1#280,5#500,12#1,360,1,1,1,1,1,1,Battle_Map_24,obstacle/fla_otc_WeiXin,map4_32,9999,0,5,0,0,0,0,0,0,第4章第32小关,关卡4_32,3,3,10000,19470,11680,1947,4,1,0,0,0,0,0,0,0,0,0,0,0,
4330,33,1,1#280,5#500,12#1,360,1,1,1,1,1,1,Battle_Map_24,obstacle/fla_otc_WeiXin,map4_33,9999,0,5,0,0,0,0,0,0,第4章第33小关,关卡4_33,3,3,10000,19750,11850,1975,4,1,0,0,0,0,0,0,0,0,0,0,0,
4340,34,1,1#280,5#500,12#1,360,1,1,1,1,1,1,Battle_Map_25,obstacle/fla_otc_WeiXin,map4_34,9999,0,5,0,0,0,0,0,0,第4章第34小关,关卡4_34,3,3,10000,20030,12010,2003,4,1,0,0,0,0,0,0,0,0,0,0,0,
4350,35,1,1#280,5#500,12#1,360,1,1,1,1,1,1,Battle_Map_22,obstacle/fla_otc_WeiXin,map4_35,9999,0,5,0,0,0,0,0,0,第4章第35小关,关卡4_35,3,3,10000,20310,12180,2031,4,1,0,0,0,0,0,0,0,0,0,0,0,
10201,0,2,0,0,0,600,10010,10001,10008,1,0,0,Battle_Map_1,obstacle/fla_otc_WeiXin,pvp_2_1,0,0,0,0,0,0,0,0,0,0,命运的相遇,0,0,150,0,0,0,0,0,0,0,0,0,0,0,0,0,0,0,0,
10202,0,1,0,0,0,600,10006,10007,10001,1,0,0,Battle_Map_10,obstacle/fla_otc_WeiXin,pvp_2_2,0,0,0,0,0,0,0,0,0,0,命运的相遇,0,0,150,0,0,0,0,0,0,0,0,0,0,0,0,0,0,0,0,
10203,0,1,0,0,0,600,10010,10001,10006,1,0,0,Battle_Map_44,obstacle/fla_otc_WeiXin,pvp_2_3,0,0,0,0,0,0,0,0,0,0,命运的相遇,0,0,150,0,0,0,0,0,0,0,0,0,0,0,0,0,0,0,0,
10204,0,2,0,0,0,600,10001,10009,10008,1,0,0,Battle_Map_2,obstacle/fla_otc_WeiXin,pvp_2_4,0,0,0,0,0,0,0,0,0,0,命运的相遇,0,0,150,0,0,0,0,0,0,0,0,0,0,0,0,0,0,0,0,
10205,0,1,0,0,0,600,10001,10006,10008,1,0,0,Battle_Map_2,obstacle/fla_otc_WeiXin,pvp_2_5,0,0,0,0,0,0,0,0,0,0,命运的相遇,0,0,150,0,0,0,0,0,0,0,0,0,0,0,0,0,0,0,0,
10206,0,1,0,0,0,600,10001,10006,10008,1,0,0,Battle_Map_1,obstacle/fla_otc_WeiXin,pvp_2_6,0,0,0,0,0,0,0,0,0,0,命运的相遇,0,0,150,0,0,0,0,0,0,0,0,0,0,0,0,0,0,0,0,
10207,0,1,0,0,0,600,10001,10006,10010,1,0,0,Battle_Map_43,obstacle/fla_otc_WeiXin,pvp_2_7,0,0,0,0,0,0,0,0,0,0,命运的相遇,0,0,150,0,0,0,0,0,0,0,0,0,0,0,0,0,0,0,0,
10208,0,2,0,0,0,600,10001,10010,10006,1,0,0,Battle_Map_7,obstacle/fla_otc_WeiXin,pvp_2_8,0,0,0,0,0,0,0,0,0,0,命运的相遇,0,0,150,0,0,0,0,0,0,0,0,0,0,0,0,0,0,0,0,
10210,0,1,0,0,0,600,10001,10008,10010,1,0,0,Battle_Map_3,obstacle/fla_otc_WeiXin,pvp_2_10,0,0,0,0,0,0,0,0,0,0,命运的相遇,0,0,150,0,0,0,0,0,0,0,0,0,0,0,0,0,0,0,0,
10211,0,1,0,0,0,600,10001,10008,10010,1,0,0,Battle_Map_42,obstacle/fla_otc_WeiXin,pvp_2_11,0,0,0,0,0,0,0,0,0,0,命运的相遇,0,0,150,0,0,0,0,0,0,0,0,0,0,0,0,0,0,0,0,
10212,0,1,0,0,0,600,10001,10008,10010,1,0,0,Battle_Map_3,obstacle/fla_otc_WeiXin,pvp_2_12,0,0,0,0,0,0,0,0,0,0,命运的相遇,0,0,150,0,0,0,0,0,0,0,0,0,0,0,0,0,0,0,0,
10213,0,1,0,0,0,600,10001,10008,10010,1,0,0,Battle_Map_3,obstacle/fla_otc_WeiXin,pvp_2_13,0,0,0,0,0,0,0,0,0,0,命运的相遇,0,0,150,0,0,0,0,0,0,0,0,0,0,0,0,0,0,0,0,
10214,0,1,0,0,0,600,10001,10008,10010,1,0,0,Battle_Map_43,obstacle/fla_otc_WeiXin,pvp_2_14,0,0,0,0,0,0,0,0,0,0,命运的相遇,0,0,150,0,0,0,0,0,0,0,0,0,0,0,0,0,0,0,0,
10215,0,1,0,0,0,600,10001,10008,10010,1,0,0,Battle_Map_3,obstacle/fla_otc_WeiXin,pvp_2_15,0,0,0,0,0,0,0,0,0,0,命运的相遇,0,0,150,0,0,0,0,0,0,0,0,0,0,0,0,0,0,0,0,
10216,0,1,0,0,0,600,10001,10008,10010,1,0,0,Battle_Map_3,obstacle/fla_otc_WeiXin,pvp_2_16,0,0,0,0,0,0,0,0,0,0,命运的相遇,0,0,150,0,0,0,0,0,0,0,0,0,0,0,0,0,0,0,0,
10301,0,1,0,0,0,600,10007,10001,10006,1,0,0,Battle_Map_6,obstacle/fla_otc_WeiXin,pvp_3_1,0,0,0,0,0,0,0,0,0,0,狭路相逢,0,0,150,0,0,0,0,0,0,0,0,0,0,0,0,0,0,0,0,
10303,0,1,0,0,0,600,10007,10001,10006,1,0,0,Battle_Map_5,obstacle/fla_otc_WeiXin,pvp_3_2,0,0,0,0,0,0,0,0,0,0,狭路相逢,0,0,150,0,0,0,0,0,0,0,0,0,0,0,0,0,0,0,0,
10401,0,1,0,0,0,600,10001,10009,10007,1,0,0,Battle_Map_2,obstacle/fla_otc_WeiXin,pvp_4_1,0,0,0,0,0,0,0,0,0,0,选择,0,0,150,0,0,0,0,0,0,0,0,0,0,0,0,0,0,0,0,
10402,0,1,0,0,0,600,10006,10007,10001,1,0,0,Battle_Map_10,obstacle/fla_otc_WeiXin,pvp_4_2,0,0,0,0,0,0,0,0,0,0,选择,0,0,150,0,0,0,0,0,0,0,0,0,0,0,0,0,0,0,0,
10405,0,1,0,0,0,600,10001,10009,10007,1,0,0,Battle_Map_2,obstacle/fla_otc_WeiXin,pvp_4_5,0,0,0,0,0,0,0,0,0,0,巅峰之战,0,0,150,0,0,0,0,0,0,0,0,0,0,0,0,0,0,0,0,
10406,0,2,0,0,0,600,10001,10007,10008,1,0,0,Battle_Map_7,obstacle/fla_otc_WeiXin,pvp_4_6,0,0,0,0,0,0,0,0,0,0,巅峰之战,0,0,150,0,0,0,0,0,0,0,0,0,0,0,0,0,0,0,0,
10407,0,2,0,0,0,600,10001,10006,10007,1,0,0,Battle_Map_7,obstacle/fla_otc_WeiXin,pvp_4_7,0,0,0,0,0,0,0,0,0,0,巅峰之战,0,0,150,0,0,0,0,0,0,0,0,0,0,0,0,0,0,0,0,
10408,0,1,0,0,0,600,10001,10006,10008,1,0,0,Battle_Map_1,obstacle/fla_otc_WeiXin,pvp_4_8,0,0,0,0,0,0,0,0,0,0,巅峰之战,0,0,150,0,0,0,0,0,0,0,0,0,0,0,0,0,0,0,0,
10409,0,1,0,0,0,600,10001,10006,10008,1,0,0,Battle_Map_42,obstacle/fla_otc_WeiXin,pvp_4_9,0,0,0,0,0,0,0,0,0,0,巅峰之战,0,0,150,0,0,0,0,0,0,0,0,0,0,0,0,0,0,0,0,
10410,0,1,0,0,0,600,10001,10009,10010,1,0,0,Battle_Map_7,obstacle/fla_otc_WeiXin,pvp_4_10,0,0,0,0,0,0,0,0,0,0,巅峰之战,0,0,150,0,0,0,0,0,0,0,0,0,0,0,0,0,0,0,0,
10411,0,1,0,0,0,600,10001,10009,10010,1,0,0,Battle_Map_7,obstacle/fla_otc_WeiXin,pvp_4_11,0,0,0,0,0,0,0,0,0,0,巅峰之战,0,0,150,0,0,0,0,0,0,0,0,0,0,0,0,0,0,0,0,
10412,0,1,0,0,0,600,10001,10009,10010,1,0,0,Battle_Map_3,obstacle/fla_otc_WeiXin,pvp_4_12,0,0,0,0,0,0,0,0,0,0,巅峰之战,0,0,150,0,0,0,0,0,0,0,0,0,0,0,0,0,0,0,0,
10413,0,1,0,0,0,600,10001,10009,10010,1,0,0,Battle_Map_44,obstacle/fla_otc_WeiXin,pvp_4_13,0,0,0,0,0,0,0,0,0,0,巅峰之战,0,0,150,0,0,0,0,0,0,0,0,0,0,0,0,0,0,0,0,
10414,0,1,0,0,0,600,10001,10008,10010,1,0,0,Battle_Map_44,obstacle/fla_otc_WeiXin,pvp_4_14,0,0,0,0,0,0,0,0,0,0,命运的相遇,0,0,150,0,0,0,0,0,0,0,0,0,0,0,0,0,0,0,0,
10415,0,1,0,0,0,600,10001,10008,10010,1,0,0,Battle_Map_3,obstacle/fla_otc_WeiXin,pvp_4_15,0,0,0,0,0,0,0,0,0,0,命运的相遇,0,0,150,0,0,0,0,0,0,0,0,0,0,0,0,0,0,0,0,
10416,0,1,0,0,0,600,10001,10008,10010,1,0,0,Battle_Map_41,obstacle/fla_otc_WeiXin,pvp_4_16,0,0,0,0,0,0,0,0,0,0,命运的相遇,0,0,150,0,0,0,0,0,0,0,0,0,0,0,0,0,0,0,0,
10417,0,1,0,0,0,600,10001,10008,10010,1,0,0,Battle_Map_41,obstacle/fla_otc_WeiXin,pvp_4_17,0,0,0,0,0,0,0,0,0,0,命运的相遇,0,0,150,0,0,0,0,0,0,0,0,0,0,0,0,0,0,0,0,
10305,0,2,0,0,0,600,10007,10001,10006,1,0,0,Battle_Map_5,obstacle/fla_otc_WeiXin,pvp_3_5,0,0,0,0,0,0,0,0,0,0,我有大头,0,0,150,0,0,0,0,0,0,0,0,0,0,0,0,0,0,0,0,
10307,0,1,0,0,0,600,10007,10001,10006,1,0,0,Battle_Map_43,obstacle/fla_otc_WeiXin,pvp_3_7,0,0,0,0,0,0,0,0,0,0,我有大头,0,0,150,0,0,0,0,0,0,0,0,0,0,0,0,0,0,0,0,
10306,0,1,0,0,0,600,10007,10001,10006,1,0,0,Battle_Map_5,obstacle/fla_otc_WeiXin,pvp_3_6,0,0,0,0,0,0,0,0,0,0,我有大头,0,0,150,0,0,0,0,0,0,0,0,0,0,0,0,0,0,0,0,
99010,guide1,1,0,0,0,600,0,0,0,1,1,1,Battle_Map_pve11,obstacle/fla_otc_WeiXin,map99_1,0,0,0,0,3,0,0,0,0,0,训练营,0,0,150,0,0,0,99,0,0,0,0,0,0,0,0,0,0,1#115001#3,1#4+3#2+2#3,
99020,guide2,1,0,0,0,600,0,0,0,1,1,1,Battle_Map_pve11,obstacle/fla_otc_WeiXin,map99_2,0,0,0,0,3,0,0,901,0,0,训练营,0,0,150,0,0,0,99,0,0,0,0,0,0,0,0,0,0,0,0,
99030,guide3,1,0,0,0,600,0,0,0,1,1,1,Battle_Map_pve11,obstacle/fla_otc_WeiXin,map99_3,0,0,0,0,3,0,0,902,0,0,训练营,0,0,150,0,0,0,99,0,0,0,0,0,0,0,0,0,0,0,0,
99040,guide4,1,0,0,0,600,0,0,0,1,1,1,Battle_Map_pve11,obstacle/fla_otc_WeiXin,map99_4,0,0,0,0,3,0,0,0,0,0,训练营,0,0,150,0,0,0,99,0,0,0,0,0,0,0,0,0,0,0,0,
99050,guide5,1,0,0,0,600,0,0,0,1,1,1,Battle_Map_pve11,obstacle/fla_otc_WeiXin,map99_5,0,0,0,0,3,0,0,904,0,0,训练营,0,0,150,0,0,0,99,0,0,0,0,0,0,0,0,0,0,0,0,
99060,guide6,1,0,0,0,600,0,0,0,1,1,1,Battle_Map_pve11,obstacle/fla_otc_WeiXin,map99_6,0,0,0,0,3,0,0,0,0,0,训练营,0,0,150,0,0,0,99,0,0,0,0,0,0,0,0,0,0,0,0,
